name,description,coordinates,image_url,category,country,city,address,rating,price,website
The Great Pyramid of Giza,OPERATIONAL,"29.9792354,31.1342611",https://maps.googleapis.com/maps/api/place/photo?maxwidth=400&photoreference=AWYs27zJGSyloZGiMH583viqYt_DCl7Dp94lFE-TuMPtadoPDGWSeGBiHdPvetKT5zfnP-SNsyo0pvP5URJNNFUP5MJkhwmPwZQxlSFGom0timWzXvpYB1F2LkiBUw1z3PRhbj4TjA5-9cd7D5lPCFIXJdAlI9aONCGwUH6AfKZUiZtp8yKU&key=AIzaSyBPAYnZHmlJnpMf-LfO8WEvsC2b7p_l_Z8,"tourist_attraction, point_of_interest, establishment",Egypt,Al Haram,"Al Haram, Nazlet El-Semman, Al Haram, Giza Governorate 3512201, Egypt",4.6,,
Great Wall of China,OPERATIONAL,"40.4319077,116.5703749",https://maps.googleapis.com/maps/api/place/photo?maxwidth=400&photoreference=AWYs27xMQ4DqhMOHuy3jKA3IjcSnt7GMp-6Ha54Y55uqAOYfp228CUCVh9ZeTgo9wfv86nbkQ2vUb0ajqM5Hcwz_ttivmvr2YKPfYn6viYm3N-__R8aghzJ-Lx72LXYnCmtLy0NWITAtya-SILpN4Ykpmd4lFpMYGnhMSuS3IGTgHh847Fus&key=AIzaSyBPAYnZHmlJnpMf-LfO8WEvsC2b7p_l_Z8,"tourist_attraction, point_of_interest, establishment",101406,Huairou District,"Huairou District, China, 101406",4.3,,
Acropolis of Athens,OPERATIONAL,"37.9715323,23.7257492",https://maps.googleapis.com/maps/api/place/photo?maxwidth=400&photoreference=AWYs27zWfhvX7QQ5mQFHaCBgtjk3qS-j6DDwzyGDpB3-3N82jMksGeFTW7tHDAPlw4qH7vfHj3v5603L7N-UCQP8kHrrz1wGOfQ-oiRso_9quHpU2duIGEYYMlYP13oxHrqQfa06Uf0UkPbyHV2Z-Y6MsZZwbzBwFKtnMRyj8z5QzxJtKWQ&key=AIzaSyBPAYnZHmlJnpMf-LfO8WEvsC2b7p_l_Z8,"tourist_attraction, point_of_interest, establishment",Greece,,"Athens 105 58, Greece",4.8,,
Historic Sanctuary of Machu Picchu,OPERATIONAL,"-13.1631988,-72.5452621",https://maps.googleapis.com/maps/api/place/photo?maxwidth=400&photoreference=AWYs27yiIPfUa7Rbty8hRf0vbEexBFjEKuc20FZFfrKbAxn_VDwSVg1WCgDGDJX6Tzbp81mhO3iRY_RMFa-i6hBU3IwiavcQ7ePp3Yj1fRlLVfAd7lGtP-P1z048-mLiRox2aOIPO7edwdGRDbz4AcElhjsXU1XN7QhfUUjoP9fcq0jf_0F0&key=AIzaSyBPAYnZHmlJnpMf-LfO8WEvsC2b7p_l_Z8,"tourist_attraction, point_of_interest, establishment",Peru,,"08680, Peru",4.8,,
Angkor Wat,OPERATIONAL,"13.4124693,103.8669857",https://maps.googleapis.com/maps/api/place/photo?maxwidth=400&photoreference=AWYs27wx4-Xp4-AkXXwRMXjEbgJfpq0lppVUTbIiwQ-a5elWZMsfa2STIIFmJmXpSJnoKXIlyCSox3xMqLPbWh4wY6OuBsmo6gvjxi_t2-vR1YuYh70CvBIK54lDMJ2xu05weWdtYq_TiMXbLw259Rdtm-Mv_65SX2eUqVrGtak_KFcD6HqL&key=AIzaSyBPAYnZHmlJnpMf-LfO8WEvsC2b7p_l_Z8,"tourist_attraction, hindu_temple, landmark, place_of_worship, point_of_interest, establishment",Cambodia,,"Krong Siem Reap, Cambodia",4.8,,
Statue of Liberty,OPERATIONAL,"40.6892494,-74.04450039999999",https://maps.googleapis.com/maps/api/place/photo?maxwidth=400&photoreference=AWYs27ymSHKblwkmLJnb8BH6MWL3jcfIDFgqVqKNUBFyvDTo3b9bQao318bXgh9FbFXXTrKqtIpqq8DukjoinDl3vwpw5kYN7lXa7ZgCtgHs0XlsqA3RFz-eBgj26HUAe196qabuRwUVe6F7LRugseMVWlxe74KaqNWZnH8G66liYbVCjIc5&key=AIzaSyBPAYnZHmlJnpMf-LfO8WEvsC2b7p_l_Z8,"tourist_attraction, point_of_interest, establishment",United States,New York,"New York, NY 10004, United States",4.7,,
Taj Mahal,OPERATIONAL,"27.1751448,78.0421422",https://maps.googleapis.com/maps/api/place/photo?maxwidth=400&photoreference=AWYs27y3HJqY6vANwKxYzDylMy7pk_4RUvlHue_apIfKFhJYYjG4hwMTIcz7nmvgQDncSBcnPnGJf0WjbE0T4upwky4JCwMa-nlJpKB8mNJ-5O7x3pDT0ac1fyG48-R321zrhtP3cqPwVXHH5FRixsUCxdxzB8CcVuJ--Z6UIhBp_bGeKYGI&key=AIzaSyBPAYnZHmlJnpMf-LfO8WEvsC2b7p_l_Z8,"tourist_attraction, point_of_interest, establishment",India,Agra,"Dharmapuri, Forest Colony, Tajganj, Agra, Uttar Pradesh 282001, India",4.6,,
Eiffel Tower,OPERATIONAL,"48.85837009999999,2.2944813",https://maps.googleapis.com/maps/api/place/photo?maxwidth=400&photoreference=AWYs27yIA9QTGhEzUwfJU6Xk4Ic2GJ-TemHf5SReSWY6bJkIPcBkvplButOKC8JymRbiTYTM2Le4Os5MR5hza6MBlY9NadzNQ5iPN6BKl0LK24tSD1voAoWho_krzsjE4CJyC81z6eoQTZgU85Uyg3ruD1DBh77t13NlwTQAbuQA0B8JBPfL&key=AIzaSyBPAYnZHmlJnpMf-LfO8WEvsC2b7p_l_Z8,"tourist_attraction, point_of_interest, establishment",France,Av. Gustave Eiffel,"Av. Gustave Eiffel, 75007 Paris, France",4.7,,
Uluṟu-Kata Tjuṯa National Park,OPERATIONAL,"-25.3437797,131.0346514",https://maps.googleapis.com/maps/api/place/photo?maxwidth=400&photoreference=AWYs27xfVGPbEHhwDN1Cw9nSUfXoY3lTvxFDW-jHjE1hVJ5DSRL1YcTMcM3gIhypawkebW8aLw78sLLH9tmN5gIwjmsHyakkE16AYM2WwDkrQFVd95r9TXTEOcEWAiw6D6rrbrJtJwJLqZio9lSn1SOy-3atoLJw6ULuBHD88Dl03gV64T6g&key=AIzaSyBPAYnZHmlJnpMf-LfO8WEvsC2b7p_l_Z8,"tourist_attraction, park, point_of_interest, establishment",Australia,Lasseter Hwy,"Lasseter Hwy, Uluru NT 0872, Australia",4.8,,
St. Basil's Cathedral,OPERATIONAL,"55.7525229,37.6230868",https://maps.googleapis.com/maps/api/place/photo?maxwidth=400&photoreference=AWYs27yHlq67pOOTtGUXiszYQuc9BFDuSbrc086lBaQb180EmdYOYsxHxkiirYiTeuXmvHLgcQIy6gccXrodv5ZQ6v2hRp2tP8_hb4CUosb6vZWG9ubPNgIQzroKSYwmAvbxyDiKQCPSgCfMX8EFgDCr0Bss4UWTWGEK0S03KVCd88zMbZEN&key=AIzaSyBPAYnZHmlJnpMf-LfO8WEvsC2b7p_l_Z8,"tourist_attraction, church, museum, place_of_worship, point_of_interest, establishment",109012,Moscow,"Red Square, 7, Moscow, Russia, 109012",4.8,,
Great Sphinx of Giza,OPERATIONAL,"29.9752687,31.1375674",https://maps.googleapis.com/maps/api/place/photo?maxwidth=400&photoreference=AWYs27zRwDo50pmYNcylq6GMmBPfFLPPW4-Ao9DDDCd955rha4DNwCC1BVel4xNi-AfM3mon04-Vua14Orut1axhisjFdIAQwBD5s2LLT6xbrY4vFAS2Of4_uUvhxIYwrSLHXLciGATaiUtoy83GUFhcNGou1SFpMjVE_-DbdcPfFE4XgtBF&key=AIzaSyBPAYnZHmlJnpMf-LfO8WEvsC2b7p_l_Z8,"tourist_attraction, point_of_interest, establishment",Egypt,Al Haram,"Al Haram, Giza Governorate 3512201, Egypt",4.7,,
Beautiful Blue Domed Church of Oia,OPERATIONAL,"36.4614041,25.3752077",https://maps.googleapis.com/maps/api/place/photo?maxwidth=400&photoreference=AWYs27zZmGzyprpZ45hLekb3PJDpxCWLMfZ_mDqYlj5d2LDv1Yxklj6YqLVqnzionAdFD8zTFFkmdseUF8yaXMWYJql-x8cjytUVZbYjHNZU2xgtSim7s7AD7RYMe79QnGImol2aIi9TQNUYLc98Zur1ahnsXWvUD5lMCZncb-Pxvy4_4wt0&key=AIzaSyBPAYnZHmlJnpMf-LfO8WEvsC2b7p_l_Z8,"tourist_attraction, point_of_interest, establishment",Greece,Nik. Nomikou,"Nik. Nomikou, Oía 847 02, Greece",4.5,,
Lipenská víla (The Little Mermaid),OPERATIONAL,"48.6397369,14.1762833",https://maps.googleapis.com/maps/api/place/photo?maxwidth=400&photoreference=AWYs27xMxvFZCfmdTnHGrpb48jY0gFQSsY6T8mXXrKw1Dw6ngOaJ9ToUQ02nYnAUJpWjEN7oL5Kdw6in1OOpKwhMQe_jPDXvDJLbjSxduo71Tw27p9WrQeBBhxY-mIDwTUxy32cfkr_31fSog_NSd-JPtRF4TXOBbf50Z-wc3V7iU3nNyWLZ&key=AIzaSyBPAYnZHmlJnpMf-LfO8WEvsC2b7p_l_Z8,"tourist_attraction, point_of_interest, establishment",Czechia,,"382 78 Lipno nad Vltavou, Czechia",4.7,,
Unesco Werelderfgoed Kinderdijk,OPERATIONAL,"51.88774069999999,4.6380074",https://maps.googleapis.com/maps/api/place/photo?maxwidth=400&photoreference=AWYs27zvQAvLKw2DH0aeSb1ohYaRCJuVupOzmDgYhHWuQ9Lt6dTHWPfkYTbSDpoVI8-6Ru5Vzvg7LjnrvKcdwhHrO3XAimyMA9667PQVnZmv80_faEFrXvPZV9EdEm-IhEzm9mxfJX_vVlmrixBzQuyY-SG9XOiJrs2Mxnq7PyihrrZFaMWo&key=AIzaSyBPAYnZHmlJnpMf-LfO8WEvsC2b7p_l_Z8,"tourist_attraction, museum, point_of_interest, establishment",Netherlands,Nederwaard 1,"Nederwaard 1, 2961 AS Kinderdijk, Netherlands",4.7,,
Hagia Sophia Grand Mosque,OPERATIONAL,"41.008583,28.980175",https://maps.googleapis.com/maps/api/place/photo?maxwidth=400&photoreference=AWYs27xezH8EHKOcLQvZXYi0rRtewFxjvX9RaXi6kweFlr7pKVWRiBbGcG_mvVbDQFN8vjFERadXTdfppHiE4ELv_adwdw9BKsBRrjKNzOZ3PWaYB9-PCNSFITztxmWBx7aQy41mlqU0lZFjaJ9U2ufuwt8O_18o647mDJAiQhaCTr7GEtmS&key=AIzaSyBPAYnZHmlJnpMf-LfO8WEvsC2b7p_l_Z8,"mosque, tourist_attraction, place_of_worship, point_of_interest, establishment",Türkiye,Ayasofya Meydanı No:1,"Sultan Ahmet, Ayasofya Meydanı No:1, 34122 Fatih/İstanbul, Türkiye",4.8,,
Mount Fuji,,"35.3606255,138.7273634",https://maps.googleapis.com/maps/api/place/photo?maxwidth=400&photoreference=AWYs27zTHzy1PfGwmFgP6ufZxyO2gQoVy8DxkDdOdhqHI4sTjGedGkWoxqPFnDKIUq_nTUkFJNXaHRLwkzGFBGnZMJy22D7ItAxfieh1vDquh9PADAM9102r2FpJp_RRDTdJQYlvXLv-fGwThV8oF22qqKVd-nj6kd5Lcz1_X_F_19Xk_ple&key=AIzaSyBPAYnZHmlJnpMf-LfO8WEvsC2b7p_l_Z8,"natural_feature, establishment",Japan,Fujinomiya,"Mount Fuji, Kitayama, Fujinomiya, Shizuoka 418-0112, Japan",4.6,,
Stonehenge,OPERATIONAL,"51.17888199999999,-1.826215",https://maps.googleapis.com/maps/api/place/photo?maxwidth=400&photoreference=AWYs27zW-aP5v3rBMYlm30bRCVggaK5WuiLksz6IBJdzwVn6eZo845Kf6cOhXlxvEyUWycR0JWGTRQxS-KClSwFRBFyUtg-XXCFU8X8aIrtoZBo7c4LRkIVAkPQQR_EKkeP90Zk2pykvJcoWc0fj7Z2ENSe-5jvhW26uKv6DBQHHweRqTi9B&key=AIzaSyBPAYnZHmlJnpMf-LfO8WEvsC2b7p_l_Z8,"tourist_attraction, point_of_interest, establishment",United Kingdom,,"Salisbury SP4 7DE, United Kingdom",4.5,,
Big Ben,OPERATIONAL,"51.50072919999999,-0.1246254",https://maps.googleapis.com/maps/api/place/photo?maxwidth=400&photoreference=AWYs27ztQAUd0iiYJO1umHtwQHWFGfRdHQqdoBwLhb5Gk2akb-rgLcMmpd9NNCgBIDPAIg4BewmELjWwTb3smNQiGxwnQjvxazD9svr95V-JJRwrHl1VdSf_0OaHJ0KDbjdghDjFO79lliBCvqGJZZpKr--tlqfy1jr7zkKQ0N9TVk3o-gkA&key=AIzaSyBPAYnZHmlJnpMf-LfO8WEvsC2b7p_l_Z8,"tourist_attraction, point_of_interest, establishment",United Kingdom,,"London SW1A 0AA, United Kingdom",4.5,,
Neuschwanstein Castle,OPERATIONAL,"47.557574,10.7498004",https://maps.googleapis.com/maps/api/place/photo?maxwidth=400&photoreference=AWYs27w7BJf0aoI3SMr4nxFIHojBnj7UUEIAYcBwERAGpzB5E5vpjcvd92u4rTJpq0HZKnoMRtFS24Aepw_C01mufhs0HhyXv6lgJrJJqxrZO6rNTbsoj5E7uQxbvelZG6G-vW1Eccvmd5GkVguwHE2eG_WaEBhCgoeIxamRUNhR4PCbR4C6&key=AIzaSyBPAYnZHmlJnpMf-LfO8WEvsC2b7p_l_Z8,"tourist_attraction, point_of_interest, establishment",Germany,Neuschwansteinstraße 20,"Neuschwansteinstraße 20, 87645 Schwangau, Germany",4.6,,
Maungawhau / Mount Eden,OPERATIONAL,"-36.8774335,174.7642824",https://maps.googleapis.com/maps/api/place/photo?maxwidth=400&photoreference=AWYs27wveoI2CZF74eGAYPYBbOeeA54Fa0pf5kjD9ONyBLC6oTmSATCAFwVW-2K2ZS9QAlbiyKMhCrw3oqfuZ28X1GMcLgzggNv6etmsz2fdM_rKT_hSfgR_uJfXcjYCH6kJQyPivu9_lNlWtN_dZ_YXFr23kI-XzB5C0BRrkjGpe-E83x7Y&key=AIzaSyBPAYnZHmlJnpMf-LfO8WEvsC2b7p_l_Z8,"tourist_attraction, park, point_of_interest, establishment",New Zealand,Mount Eden,"250 Mount Eden Road, Mount Eden, Auckland 1024, New Zealand",4.7,,
Loch Ness Statue,OPERATIONAL,"57.3643479,-4.393003999999999",https://maps.googleapis.com/maps/api/place/photo?maxwidth=400&photoreference=AWYs27wRWQIMFTw0O3Jomm-HpAMPHyleUrYlqK42ZTh3zxJaG8zDyV71sX5IGiBrAGsPyR2vPBG8QwBtvDX-WoIZc4G_EjOnD03J872nEviZNDgcR0kDgHLRi0LHt39CW9NxZ8vNlhu7z1MtbQalaasqeb-A-hTpX8FKdrkmyp140RRsUZKA&key=AIzaSyBPAYnZHmlJnpMf-LfO8WEvsC2b7p_l_Z8,"tourist_attraction, point_of_interest, establishment",United Kingdom,A82,"A82, Inverness IV3 8LD, United Kingdom",4.1,,
Ahu Te Pito Kura,OPERATIONAL,"-27.0854358,-109.3015691",https://maps.googleapis.com/maps/api/place/photo?maxwidth=400&photoreference=AWYs27wPE-JK-kO3ALkIl5lh60jruM-F8mcHC_eh-WHMEAgltmZUEBC6bcHNC58E6oFTIAfTUVGjjDIkssxkdJiHm9pXCWwKdS83oCB-XxphwiFzy1iw06NrX9mD_sNM3IIBQMX8Q5joZcc24BR5pttj56wpUC2HzwDoVQW6mpe_vzKRi_lx&key=AIzaSyBPAYnZHmlJnpMf-LfO8WEvsC2b7p_l_Z8,"tourist_attraction, point_of_interest, establishment",Chile,,"27°05'17.8""S 109°17'58.6""W, Chile",4.6,,
Christ the Redeemer,OPERATIONAL,"-22.951916,-43.2104872",https://maps.googleapis.com/maps/api/place/photo?maxwidth=400&photoreference=AWYs27wpXnrhKorAvDbMBAuPM930Xo7YajM81SWd0TyRiZVzU_wL2Gc75_r60I_LHuSK8e_rDps69LDTYHVb29BoY3VDuZEWDnryqy8XUaYhJPcGA2jn67p4CYYvm_aLITaVvOXoOHUssh3-eqNY29kaJ77RRZ4OP3s2lHDcABmoP9Xugqgv&key=AIzaSyBPAYnZHmlJnpMf-LfO8WEvsC2b7p_l_Z8,"tourist_attraction, point_of_interest, establishment",Brazil,Parque Nacional da Tijuca - Alto da Boa Vista,"Parque Nacional da Tijuca - Alto da Boa Vista, Rio de Janeiro - RJ, Brazil",4.8,,
Edificio Carrión,OPERATIONAL,"40.42045110000001,-3.7065669",https://maps.googleapis.com/maps/api/place/photo?maxwidth=400&photoreference=AWYs27wAya15Q0nK2bI7j29DAdBrTaK64aSga2S9MZvmYd0k2K3TSueoj53DdGFHOsZ5tvNC1lIXZ1YY7gCYKmNuu5jtPjVsMtcANulO2Csn0wt8zC4XHgNQ2ZAhbdTtaOkER3hG8NJXul7U_MRhMGnNpS3ZZ1ORtfKbBdTOaf_zx3FpyMzv&key=AIzaSyBPAYnZHmlJnpMf-LfO8WEvsC2b7p_l_Z8,"tourist_attraction, point_of_interest, establishment",Spain,Centro,"C. de Jacometrezo, 2, Centro, 28013 Madrid, Spain",4.6,,
Tower of Pisa,OPERATIONAL,"43.722952,10.396597",https://maps.googleapis.com/maps/api/place/photo?maxwidth=400&photoreference=AWYs27wfI-VMryX37HKPD7My1GCv4pafe14zqvyL6QdvnjDn3ht8ncNfFoqX_3umNaEbTYygrJLcTUpCFhA7M8oPVHXnPZQmCAvJzrEVpx6lSGtX6AXlYVwQ41zO18HMZvIbGT-T2VWmoI3gDmP5tuzmUKitexdzLKKAlelrHeMaQMQS0Ugn&key=AIzaSyBPAYnZHmlJnpMf-LfO8WEvsC2b7p_l_Z8,"tourist_attraction, point_of_interest, establishment",Italy,Piazza del Duomo,"Piazza del Duomo, 56126 Pisa PI, Italy",4.7,,
Little Western Wall,OPERATIONAL,"31.77847,35.2341115",https://maps.googleapis.com/maps/api/place/photo?maxwidth=400&photoreference=AWYs27wX6ToVsP-EBLFceHm4MhM0JyELz3IaiQ41HMewfXUOlxiVqD2wvFqE6jsmWgCVm64J3vWYQaCpUM90bqR2lHSI1ORVJBxRvtla-HyBfoyfLEg99dpZ2bAsn7PqVfZdO9TjDyIrH_gW4RMDyQSkQMZ8Um5F9E6oNyRjv-8lgcWgU8Yr&key=AIzaSyBPAYnZHmlJnpMf-LfO8WEvsC2b7p_l_Z8,"tourist_attraction, point_of_interest, establishment",Jerusalem,Q6HM+9JQ,"Q6HM+9JQ, Sha'ar ha-Barzel St, Jerusalem",4.7,,
Journey Behind the Falls,OPERATIONAL,"43.0791958,-79.07849619999999",https://maps.googleapis.com/maps/api/place/photo?maxwidth=400&photoreference=AWYs27zHNvdRxaFat3TcfSDYTT4fJWS5YSMpi7l41rwI_hc5T83WrfJB3lsU4nTPi6SYTt4wiuIVsfc5RclZvFZcjYXZuHR-pRruoiHPMxDCY-_MjGGY8Ge99m34qxqGl54LQ5aVFLYps0eCQnoj9BjQYFm1XwpWR1pV7geQ0P1G-pwjm3d9&key=AIzaSyBPAYnZHmlJnpMf-LfO8WEvsC2b7p_l_Z8,"tourist_attraction, point_of_interest, establishment",Canada,Niagara Falls,"6650 Niagara River Pkwy, Niagara Falls, ON L2E 6T2, Canada",4.5,,
Burj Khalifa,OPERATIONAL,"25.197197,55.27437639999999",https://maps.googleapis.com/maps/api/place/photo?maxwidth=400&photoreference=AWYs27wCycv8tnt6mcXHG-XSFVkDgGFh9ZjdJ_YfLWPnyPnmXSjBbeDpjbRPb4jgggUqAkddTdeMQDELiyYBjS157UGZiskSVGrwK6MPMedLegSrnbGwiGobLIgIMrIIa3OKOpc1fcWjRokoKUN7XTN6C_jQxFr-sl__kJrrni7AaBwMDj--&key=AIzaSyBPAYnZHmlJnpMf-LfO8WEvsC2b7p_l_Z8,"landmark, tourist_attraction, point_of_interest, establishment",1 Sheikh Mohammed bin Rashid Blvd - Downtown Dubai - Dubai - United Arab Emirates,,1 Sheikh Mohammed bin Rashid Blvd - Downtown Dubai - Dubai - United Arab Emirates,4.7,,
Bran Castle,OPERATIONAL,"45.51490219999999,25.3671637",https://maps.googleapis.com/maps/api/place/photo?maxwidth=400&photoreference=AWYs27y2jvzGvikeELkqk5usXfAWQXXWDZxzguPwneQM3GytOQPCgm4jBW9m7JSsgBaMPvlJvNedSQn4jgwqQLlUkizmVkfG-FKidW1-ILam8_L6wsFXEEGFgvvH6iKSLUhJ86G7n07GUrpPvLu--DoZxdHjtXcHHgF7nNySyZ0NSoXj2SRu&key=AIzaSyBPAYnZHmlJnpMf-LfO8WEvsC2b7p_l_Z8,"tourist_attraction, museum, point_of_interest, establishment",Romania,Strada General Traian Moșoiu 24,"Strada General Traian Moșoiu 24, Bran 507025, Romania",4.3,,
Manneken Pis,OPERATIONAL,"50.844993,4.349989",https://maps.googleapis.com/maps/api/place/photo?maxwidth=400&photoreference=AWYs27yVcuFcOcpvrajwVBWRKzIKY0Fm15SkZDYSdyN5tFZNZsGI8CxJvqBtN_eTS_EdbeNGfFIRQjdeA8EOH0BqC-x3PwxNnXh_vKTaNwHZKUF5PZjFGpLa7dd6Y7X4B4C2krW0Vr9r-hGBS8U8yWGyAvWng6NFf5Ugtga8EEkoNev-oZ2y&key=AIzaSyBPAYnZHmlJnpMf-LfO8WEvsC2b7p_l_Z8,"tourist_attraction, park, point_of_interest, establishment",Belgium,,"1000 Brussels, Belgium",4,,
Everest South Summit,OPERATIONAL,"27.9855588,86.9249347",https://maps.googleapis.com/maps/api/place/photo?maxwidth=400&photoreference=AWYs27znl9YiWbZlsv3VKmkItHl4lP1xSgmogOuIGIW9vxu9b-K5j9KgpoXt-3NTPWenXqDt8ePM_BvmTGVDmJI9hMyD4Vh_7dvQGYPdwK2pSoq68BdumfXCpQdZrj0hqF3e_1AaHMBEjWB7WCqDZ0HC_172T3Ja-MeWxk67OkBJ6xVntv7-&key=AIzaSyBPAYnZHmlJnpMf-LfO8WEvsC2b7p_l_Z8,"park, point_of_interest, establishment",Nepal,XWPF+6XF,"XWPF+6XF, Khumjung 56000, Nepal",4,,
Haram Boundary Markings - Awali Side,OPERATIONAL,"21.341308,39.93989870000001",https://maps.googleapis.com/maps/api/place/photo?maxwidth=400&photoreference=AWYs27ym-_PpNFXUnb52Bvich9mDGpqIum_1GhoMG7YX9IKYbpYjRnWYQ-aMNuvNoUGgBJz1GAA6kTHCLPG8lMV7hwYa16vcEANtcCANAxp4dWUQTX92ZH56uzahW0kMAI7332_1tT2ym3i5x5LcF2XE7T4zg9RPxY2a81FO1iD4gOytR8FE&key=AIzaSyBPAYnZHmlJnpMf-LfO8WEvsC2b7p_l_Z8,"point_of_interest, establishment",Saudi Arabia,Al Mashair,"8WRQ+GXC, Al Mashair, Makkah 24253, Saudi Arabia",4.6,,
Brandenburg Gate,OPERATIONAL,"52.5162746,13.3777041",https://maps.googleapis.com/maps/api/place/photo?maxwidth=400&photoreference=AWYs27yBV3GqmNtblAsS055WdQjsJW5w_9pfxGhT-S2MRWIGgjWHQrZQoz22P2iSFmAVOtt5gf_Qc1RY6xM4SK6RHsJ2g9ibBk29YgnrZm5feYZiXxaMjbY_fyIzNMjIczWA-nB8WCig6TZIdrLJVuB7M3WQ_JfZJWpj3lW9W3RSI1dPX5ef&key=AIzaSyBPAYnZHmlJnpMf-LfO8WEvsC2b7p_l_Z8,"tourist_attraction, point_of_interest, establishment",Germany,Pariser Platz,"Pariser Platz, 10117 Berlin, Germany",4.7,,
St. Peter's Basilica,OPERATIONAL,"41.9021667,12.4539367",https://maps.googleapis.com/maps/api/place/photo?maxwidth=400&photoreference=AWYs27x0HZGq1cy5mJJ-2QZO7NqU9p-b2wvyL3xSE-m_S4MkxeQ96bH6re36dusIO9K29oR_4SekMs_1CHQHvdT2frJMSX8DLW_4wycfukwFqNi7oI-OeIVkyboa1RzsIMq1F5NI7cRfYpOX2ruLEuBRF_x_UDWlH0O1eoMxRJkRQBHhYoAb&key=AIzaSyBPAYnZHmlJnpMf-LfO8WEvsC2b7p_l_Z8,"tourist_attraction, church, place_of_worship, point_of_interest, establishment",Vatican City,Piazza San Pietro,"Piazza San Pietro, 00120 Città del Vaticano, Vatican City",4.8,,
Mont Saint-Michel,OPERATIONAL,"48.6361043,-1.511244",https://maps.googleapis.com/maps/api/place/photo?maxwidth=400&photoreference=AWYs27x-pHp8mRIylJF19Csffsz4tg4icOyezpmgDLhlZm_Hcp535JZF_YZsbxt0IYkLtMrprQeEOVT2TDdVJcINazwMA7rz_vygt9c4QojToqIdHoHdGLMDi6rlICu7XMVC3XP1bZ3g3sHfQhSzc3NRScf3aLaBYqsHppqtHbeW4TRMQ7Dy&key=AIzaSyBPAYnZHmlJnpMf-LfO8WEvsC2b7p_l_Z8,"tourist_attraction, point_of_interest, establishment",France,L'Abbaye,"L'Abbaye, 50170 Le Mont-Saint-Michel, France",4.6,,
Mount Rushmore National Memorial George Washington,OPERATIONAL,"43.878763,-103.4590965",https://maps.googleapis.com/maps/api/place/photo?maxwidth=400&photoreference=AWYs27we4KvHLxxob_GiY8AbRKEntKB-2wy8tpQDPFe-rLaELeYKZgkZclMYvQzREqWf3IbHT0WZWJy7BkMtIsHdwI-oEVPMyCOE8C7iQ7q7duFV-2nfncuuTsd82iAQLvplRBaMziNqDhlAWTZO7oewgU-ygi5OCxc26InwJVvk8A0j-P_p&key=AIzaSyBPAYnZHmlJnpMf-LfO8WEvsC2b7p_l_Z8,"point_of_interest, establishment",United States,Mt Rushmore,"Mt Rushmore, SD 57751, United States",4.6,,
The Victoria Falls World Heritage Site,OPERATIONAL,"-17.9271184,25.8645107",https://maps.googleapis.com/maps/api/place/photo?maxwidth=400&photoreference=AWYs27ylTyXOfFSbVqL6WIvH8ijYsoFPEP6c2lhEzmUrqJtzxrFGrmd6f1t9OLuMsMW9a3xJ-TkqqIdAv2GyFoC3Tz1reXh2RommvH9q7uulmpDML7y5te6RaviIDCwVYiqEAaxFLI3aw2IMVLMYisJQZfKkVZMRegbMo7-kIdhotUCYYL55&key=AIzaSyBPAYnZHmlJnpMf-LfO8WEvsC2b7p_l_Z8,"tourist_attraction, park, point_of_interest, establishment",Zambia,3VF7+5R2 Mosi-Oa-Tunya,"3VF7+5R2 Mosi-Oa-Tunya, Livingstone, Zambia",4.7,,
Grandview Point,OPERATIONAL,"35.9984667,-111.9877556",https://maps.googleapis.com/maps/api/place/photo?maxwidth=400&photoreference=AWYs27zJEGCKrKp0wCNJTc2rxKeHrHyIE7wdBJ-BaxQSoa_jLHOWUCx4PixYrh54j7dj08WENDbfEnu5uxrwydjHJB7fL7WfNJoa1uoSKB0GlBofv_EIKamf9n5I02tEeR_NP3WVgVKV1Pr85zVGL7NWhPFlm8fuWg7LungpxicwJQzpRwSZ&key=AIzaSyBPAYnZHmlJnpMf-LfO8WEvsC2b7p_l_Z8,"tourist_attraction, landmark, point_of_interest, establishment",United States,Grand Canyon Village,"Grand Canyon Village, AZ 86023, United States",4.9,,
Mismi,,"-15.5178669,-71.6936016",https://maps.googleapis.com/maps/api/place/photo?maxwidth=400&photoreference=AWYs27zo0u6te_h-_S8U7V1-Cdkpt452W6GyYJACdX5HvoRhV4kw8E91FpsHAhjrHGGhEAJDww13iqhUqKsNzn2hY5dWYmh69veJc7qRpGIfaJYkSy3UO9P4VPWWFAPUXKldLTkIgplWIoRcJgEVGBa1UaXjhhByhRt_vdWZEsgsCdX9MeU1&key=AIzaSyBPAYnZHmlJnpMf-LfO8WEvsC2b7p_l_Z8,"natural_feature, establishment",Peru,Mismi,"Mismi, 04160, Peru",4.6,,
Memorial and Museum Auschwitz-Birkenau,OPERATIONAL,"50.0293909,19.2054949",https://maps.googleapis.com/maps/api/place/photo?maxwidth=400&photoreference=AWYs27ydM62ddNc-gX--LeUPArvN0-OmC1t9hgIMQ9igHgt9OGqvtQvBv5CfUjyclE2Oitbrt1_dL0xmJ7NwdsqWRBE1cjPFFH91Q3SfrhynnE6mEy2tuE-divSM2Q5x0qE_PyVsnhE92Lssd8D524TXHS2sCoc7cMQDsN7IvMc3IyGcTJ6O&key=AIzaSyBPAYnZHmlJnpMf-LfO8WEvsC2b7p_l_Z8,"tourist_attraction, museum, point_of_interest, establishment",Poland,Więźniów Oświęcimia 55,"Więźniów Oświęcimia 55, 32-600 Oświęcim, Poland",4.8,,
Kamakura Daibutsu,OPERATIONAL,"35.3168807,139.5357475",https://maps.googleapis.com/maps/api/place/photo?maxwidth=400&photoreference=AWYs27xc1raXJU_VGZV12CdvRfo8p95q5vO6S34DZO3p9OzDOpsxlDFVWtx5JicTcQZIZ6UaxPe6uBc8zcmEQKy362xurelZ8zEG4Cnk9Fw-UUC2BPXEYm7mtzqIyMJjROr51iVUzPHZ8wR3mxiSnwUtSedcrr9oDOvvb0yodcM-0dtRTXc&key=AIzaSyBPAYnZHmlJnpMf-LfO8WEvsC2b7p_l_Z8,"place_of_worship, point_of_interest, establishment",Japan,Kamakura,"4 Chome-2 Hase, Kamakura, Kanagawa 248-0016, Japan",4.4,,
Palace of Versailles,OPERATIONAL,"48.8048649,2.1203554",https://maps.googleapis.com/maps/api/place/photo?maxwidth=400&photoreference=AWYs27xFTZDbaceW1HLgMFBmM2qAhUTLHjA5GYAIdVPWRO926G1f5N80fNmVe4BZfR-ODMH05CmpsvUCyaGZf00kWRcK339SpaZN0JtvpK2qY12eztRYnXWtPgYXBPOpcA_J64xQLJuFDgKdzP2eEhV58PXn7JqF4qIfSaumkBXCHisKHj4j&key=AIzaSyBPAYnZHmlJnpMf-LfO8WEvsC2b7p_l_Z8,"tourist_attraction, museum, point_of_interest, establishment",France,Place d'Armes,"Place d'Armes, 78000 Versailles, France",4.6,,
Cape of Good Hope,OPERATIONAL,"-34.3568425,18.4739882",https://maps.googleapis.com/maps/api/place/photo?maxwidth=400&photoreference=AWYs27x1GgHYiA_WFLvdsYidiltEve3_D4Xxe9U1LxUhJ-AzDOS60Ls63lPixCPc-wA4L0n0h7nowclT1LjAr7dLRnptxrOVt6TXRdRPHqh5kb-uNPS44rwMJ36CL2dRuv2XOB7K96Uvd1Q5ldCyJxArfryG9FVclq_BdfWSXRC8sxbCr2hL&key=AIzaSyBPAYnZHmlJnpMf-LfO8WEvsC2b7p_l_Z8,"tourist_attraction, park, point_of_interest, establishment",South Africa,Cape Town,"Cape Point Rd, Cape Town, 8001, South Africa",4.7,,
Trevi Fountain,OPERATIONAL,"41.9009325,12.483313",https://maps.googleapis.com/maps/api/place/photo?maxwidth=400&photoreference=AWYs27yzl_QOfobbq1NLX2dhjEVafKYasAbCZqCHL5YyFDItYIpumsWmTIBDnPzTCy2wcz8bKXuIIGY3MZ9eHozOxbWk611oB8spIXEAKejuu2UJp1ipZK4sdaklZa5AllCYRDb3GR-5oviDEqN_r1Zq_C6tQnpWhQ_reby5FaryMxBJoawY&key=AIzaSyBPAYnZHmlJnpMf-LfO8WEvsC2b7p_l_Z8,"tourist_attraction, park, point_of_interest, establishment",Italy,Piazza di Trevi,"Piazza di Trevi, 00187 Roma RM, Italy",4.7,,
Petra,OPERATIONAL,"30.3284544,35.4443622",https://maps.googleapis.com/maps/api/place/photo?maxwidth=400&photoreference=AWYs27zO_fYyu3EP3DHr0Zv6mtgPw5ImYzKl-09xcgPfKNdi61HQFsHxiJpFIUxo_14RSfARZY2HW1SqOdpwWrE7QeM9XY5N_ZOy3Z9jAI3Rqzrz9gWviROYy9jY0-F8rj-HcEUUoK5utnQYAUJ6wW7GcfqTX1pCGB9VwVy40WWfTbXXd4dZ&key=AIzaSyBPAYnZHmlJnpMf-LfO8WEvsC2b7p_l_Z8,"tourist_attraction, point_of_interest, establishment",Jordan,,Jordan,4.8,,
Basílica de la Sagrada Família,OPERATIONAL,"41.4036299,2.1743558",https://maps.googleapis.com/maps/api/place/photo?maxwidth=400&photoreference=AWYs27yZoSt9wFwrXZ9M0pC7OVI_JUhB1mcnA3PrwVyOjiQL48CiCLeq_J2PHV6Qqh0IKxwroKPuqOSBAPoXs2UfksMjCh26WcKQfSXf3bHNmYJ96ACSq8MCXdvCgtWigKg8jJibOEtAPKrv2hGshVPi58asQbN-TyhZP1pOTfRCYwiL7BxU&key=AIzaSyBPAYnZHmlJnpMf-LfO8WEvsC2b7p_l_Z8,"tourist_attraction, church, place_of_worship, point_of_interest, establishment",Spain,Eixample,"Eixample, 08013 Barcelona, Spain",4.8,,
North Cape,OPERATIONAL,"71.1709533,25.7836599",https://maps.googleapis.com/maps/api/place/photo?maxwidth=400&photoreference=AWYs27yk1yBf7fFQ6DjEttwnVViGKcXa5s0efq8lWXviO0_CnsWRfZpi4TpEaAT_IhYFqoFkYzoiyvQz1Y8J4AITCip5-AcB4XpNZnjMqlfW1Ffu_ZPex5GDCR50OQSizd5jA5K1xdMnn6D0y9Ff8yxaQiI8xJECOqRvDBGZBRrrj2stE43W&key=AIzaSyBPAYnZHmlJnpMf-LfO8WEvsC2b7p_l_Z8,"tourist_attraction, landmark, point_of_interest, establishment",Norway,,"9764 Nordkapp, Norway",4.7,,
Chichén Itzá,OPERATIONAL,"20.6842849,-88.5677826",https://maps.googleapis.com/maps/api/place/photo?maxwidth=400&photoreference=AWYs27zMp-E2RZpiO3Nenx0G6wj6WFw_l9fKvVbmr4msbH0McECUF3MVuMlulKxvba-mVwYAVQ4mBDpjWN0mHK44bSzo4g1wu0mRtMaktSyFX4PQKTk-NDWSIh69Fet1-ANc4KpmGNyxn892BXuzfVA7NnVTstfoSQ-akGwwEDGChyIfZXez&key=AIzaSyBPAYnZHmlJnpMf-LfO8WEvsC2b7p_l_Z8,"tourist_attraction, point_of_interest, establishment",Mexico,,"97751 Yucatan, Mexico",4.8,,
Inukshuk ᐃᓄᒃᓱᒃ,OPERATIONAL,"62.81181249999999,-92.0876425",https://maps.googleapis.com/maps/api/place/photo?maxwidth=400&photoreference=AWYs27x1bE9mEzJV1HOwZgzRskDJG7bLCRyuGXzmqh__GuwvEPvN-Ieth-cI7-a-opGyHMacLa1x5YODh425LuSOLkqbf7kLqk2c9flV_myyYQah9eose5kEcnYjoSoK-u1zF2vVysk_a3eseyYPzMaAs4I2ZMlY7Nyy3JUEBW6EE1vnCKw3&key=AIzaSyBPAYnZHmlJnpMf-LfO8WEvsC2b7p_l_Z8,"point_of_interest, establishment",Canada,Rankin Inlet,"Rankin Inlet, NU X0C 0A1, Canada",4.5,,
Lascaux International Center of Parietal Art,OPERATIONAL,"45.0582103,1.1697114",https://maps.googleapis.com/maps/api/place/photo?maxwidth=400&photoreference=AWYs27yIqucXeHfKwOUtj9ck00LD_Zu8WqsQSz9yg_yZkg2blBsdxyI5r2CRpSt-F6XGpOX1tpCO4j1ZvV_2UCOYbfrNZnfGay4KgmvoZ0cDH8pzTYznR3bRHSqlsCwYpcJo-PnHjNoV0OMN7VJZzr1dsU0twKhVRb-j4Bc47aKH8BiqXLow&key=AIzaSyBPAYnZHmlJnpMf-LfO8WEvsC2b7p_l_Z8,"tourist_attraction, point_of_interest, establishment",France,Avenue de Lascaux,"Avenue de Lascaux, 24290 Montignac-Lascaux, France",4.4,,
