name,description,coordinates,image_url,category,country,city,address,rating
Rhodes Memorial,OPERATIONAL,"-33.9523906,18.4590942",https://maps.googleapis.com/maps/api/place/photo?maxwidth=400&photoreference=AWYs27xF65JSCY5RRNfg-qrDYfKUzEkyTdD-T2ChT7TQBkwojezLEoC3J4Kcv_DV-pYr1enChsbgVNUgXhFRzZ_8EB6KlyXaJ7-dbwxqQmG0zBv095qC-n2Q33hIl319eVUiQeuUjkCqeYpg8XIxGnod_ui50GPkCLa0nC8nj1fXDs5rkI2z&key=AIzaSyBPAYnZHmlJnpMf-LfO8WEvsC2b7p_l_Z8,"tourist_attraction, park, point_of_interest, establishment",South Africa,Cape Town,"Rhodes Ave, Devil's Peak, Cape Town, 7700, South Africa",4.3
Hand of the Desert,OPERATIONAL,"-24.1585139,-70.1564142",https://maps.googleapis.com/maps/api/place/photo?maxwidth=400&photoreference=AWYs27yfY3aKAKwbroSBiJPJ-7UtzXXjr8B00Rxc1Cyj9FW9M4jL7xYK7rV4_-fG1n38ZxxWqETkciGZV_5Yud74mpH0CY99iXY188-Ig4Aac12TROaEJDsd0OVyi_FLNt90RtbBUhrW_cFVQ1cxIrUa9eMbzbSjKSsfyLzgZsOnxohNM--_&key=AIzaSyBPAYnZHmlJnpMf-LfO8WEvsC2b7p_l_Z8,"tourist_attraction, point_of_interest, establishment",Chile,,"Antofagasta, Chile",4.7
Kinkaku-ji,OPERATIONAL,"35.03937,135.7292431",https://maps.googleapis.com/maps/api/place/photo?maxwidth=400&photoreference=AWYs27ySX8YhANaRi9XaGMQMMndWYaBHGoovhoC58KBqloJZC0XbylQEiBrP0SwQ5A3klCMBYFiMCL8R7i_H1pzg6IXaKkduRvWT8cDJWq1ZRJqDgdhCok3yGWV_jzdzxzMB0F6UCE9Tw6TvJdJCZmuBI8TDtebDts3kStxy4OkGLCZw7BBe&key=AIzaSyBPAYnZHmlJnpMf-LfO8WEvsC2b7p_l_Z8,"tourist_attraction, place_of_worship, point_of_interest, establishment",Japan,Kyoto,"1 Kinkakujicho, Kita Ward, Kyoto, 603-8361, Japan",4.5
Bora Bora,,"-16.5004126,-151.7414904",https://maps.googleapis.com/maps/api/place/photo?maxwidth=400&photoreference=AWYs27yLFwVd9BpT1VfBT7Eq1GGhhtRqOADqnh6TJinvkalf2XV5QOxC9XJaY1L5aygVhE-gqJzrfm6vKD32NWwTXB4Bpf14HNa7dA0sOmpRq00nQ9GZnn2If5yOdVsLL7K1Y0wOj1kiLBtBDlswzsXaJbp6vg3kKWH5ewFtAvHFGCn0SpOW&key=AIzaSyBPAYnZHmlJnpMf-LfO8WEvsC2b7p_l_Z8,"natural_feature, establishment",French Polynesia,,"Bora Bora, French Polynesia",4.6
Lago Titicaca,OPERATIONAL,"-16.0958382,-69.1364889",https://maps.googleapis.com/maps/api/place/photo?maxwidth=400&photoreference=AWYs27zcVxWNvjZmkynR6aaJKDTxgP5lHueXpQlVb2yIvbNjm1BeeKBjViitz5m_sEltM2WgonczM6hAZMunS8Sr5bc42ZgyJJnPujAk3cjGSGaTsOucEQmiExRHnz040s7yUr48ENW1CxVvmVV89sM0_4vAIGs8GzhZ6PY-lgCHTfJq54AU&key=AIzaSyBPAYnZHmlJnpMf-LfO8WEvsC2b7p_l_Z8,"tourist_attraction, point_of_interest, establishment",Bolivia,WV37+MC,"WV37+MC, Cantón Sampaya, Bolivia",4.9
Erawan National Park,OPERATIONAL,"14.3754962,99.1439623",https://maps.googleapis.com/maps/api/place/photo?maxwidth=400&photoreference=AWYs27wSDe3aOhRab5LbqKtgHgDJ56zD8hnxq-Xs3gdp2qnLTkfntThXUQU9OYbK2NWOK5n7lE6gnOarq2Y-1MCR2C9DOY7WtMGsCs77yrd-uGFFMn7z8ooNxkfcSOJCnjjjg_j_VionrE67S1v4eP1ihp53N0F9tcsn1_srQIRPCAu0hhLK&key=AIzaSyBPAYnZHmlJnpMf-LfO8WEvsC2b7p_l_Z8,"tourist_attraction, park, point_of_interest, establishment",Thailand,Si Sawat District,"94GV+5HW, Tha Kradan, Si Sawat District, Kanchanaburi 71250, Thailand",4.6
Hwange National Park,OPERATIONAL,"-19.1240539,26.5925913",https://maps.googleapis.com/maps/api/place/photo?maxwidth=400&photoreference=AWYs27xaSG6ZuF_EDNEoemc2VR81ItKGm9_XFZEPqDQODHCvnQHP7gFTN2j1cX7a4iPxlK5-hTabE0ytcVtKekWZLZ1rTockm89yFTwulLZaLWZM_9D1XOW1XZEtG25IYCGRhFHoosGUbQik8AMFAbiO_67tqe8tMcWVgYo5GaH0qSVA-Sx1&key=AIzaSyBPAYnZHmlJnpMf-LfO8WEvsC2b7p_l_Z8,"tourist_attraction, park, point_of_interest, establishment",Zimbabwe,,Zimbabwe,4.4
Carlsbad Caverns National Park,OPERATIONAL,"32.137045,-104.5437529",https://maps.googleapis.com/maps/api/place/photo?maxwidth=400&photoreference=AWYs27xC2F9iQj9XWplk_gI94o7vjgL6rGPP0FgyMFjVE97SuXP3LihH6hnqNV21rK1cQxPpl8xr5XBzzXeAPFooLuLS7jtlC2xuNNm8AjX1-I0jr_hcfa_EJPJJiwdR3sIAwovL8FROlegkC8cNYwny9P-4-ryG5CzOnzTekJvaCRUjWBUY&key=AIzaSyBPAYnZHmlJnpMf-LfO8WEvsC2b7p_l_Z8,"tourist_attraction, park, point_of_interest, establishment",United States,Carlsbad,"Carlsbad, NM 88220, United States",4.9
Mu Ko Ang Thong National Marine Park,OPERATIONAL,"9.6352349,99.671822",https://maps.googleapis.com/maps/api/place/photo?maxwidth=400&photoreference=AWYs27y27leLrQ7duOs0duExX1elYlfhOB7YD4QNkmbksdl1veT_gJ3tiTn3BXpNw4oIa_IYMqDtN5Yp6uBXzwAvzH9CBc0ZINyNA7Xkvu5MJhFDHghb3OmIMmmwIPK3eYoH9Z9tRGQaD1BNdFloeAk_tE4nKMIhEXyPEIHePGgL15UwZ3xf&key=AIzaSyBPAYnZHmlJnpMf-LfO8WEvsC2b7p_l_Z8,"tourist_attraction, park, point_of_interest, establishment",Thailand,Ko Samui District,"Ko Samui District, Surat Thani 84280, Thailand",4.7
K2,,"35.8799875,76.5151001",https://maps.googleapis.com/maps/api/place/photo?maxwidth=400&photoreference=AWYs27xKHX7GbSWPgIXqPtqzniknLmyVYGTmWW8eRK0k8LVpEAtoEdfloOz8lpiA3IDYEmKGbQ9ROpq5SMMQwwCCBqqNs7ElNmSr5LToqxYDSXCiD8FoK_YwmmNI218yJIrLyndqtFq1KercBB9dyDfDpc-ZrwaqCncDbXFxIqSakk86C9Bs&key=AIzaSyBPAYnZHmlJnpMf-LfO8WEvsC2b7p_l_Z8,"natural_feature, establishment",K2,,K2,4.7
Pamir Mountains,,"39,72",https://maps.googleapis.com/maps/api/place/photo?maxwidth=400&photoreference=AWYs27wdFrIfAH09jBcMGu_Fns8Pv5aiXIOat4REQfJCrOFncbpTFMfKVRnP06WUck5vmCzK1stLksBPH6Rf_G1vsjCEPU_d3-Sa_tacGoq68EDYVtBmWVc_W-JMYMVz8Z1DEbEjxcrMxvZlr2ELKCeYWclkRvrCtqAhmGFzPUfvmFJv_iAp&key=AIzaSyBPAYnZHmlJnpMf-LfO8WEvsC2b7p_l_Z8,"natural_feature, establishment",Tajikistan,,"Pamir Mountains, Tajikistan",4.3
Acadia National Park,OPERATIONAL,"44.3385559,-68.2733346",https://maps.googleapis.com/maps/api/place/photo?maxwidth=400&photoreference=AWYs27wpV4hrzzCn5XM5bUyzYnvAPgPYQa784cyuFujkzOzEGjoQtsjDfB01WTJhc8NvYpE8AhqqCEtkUbjZtxw8YY1XcvCMA8Jwk23nGfD9UCvMOlUCCjEBIfUvkvKBb9fBGbVBBg9NV3ox5KpJAXwpheI54F8ShngLrFT8K0iM7wUYva7m&key=AIzaSyBPAYnZHmlJnpMf-LfO8WEvsC2b7p_l_Z8,"tourist_attraction, park, point_of_interest, establishment",United States,,"Maine, United States",4.9
Monte Bianco National Park,OPERATIONAL,"45.8321128,6.8717823",https://maps.googleapis.com/maps/api/place/photo?maxwidth=400&photoreference=AWYs27x2CCLVEpdOjPgxqUMU4BypNkMdu91ON1ZakX9X0lZ-ZYAZ5kBTz9nNsJF7Fban7rm8tR5EktGSEPilc2yg2RVedTwJcuUf3Pn3OqlCEDuxmSr217uqUUNPH0Rk9lgs-Zo3pSCXy2SzkjAKUT49RA4GqSiSCr7mAK6BftpgpMrJTfuC&key=AIzaSyBPAYnZHmlJnpMf-LfO8WEvsC2b7p_l_Z8,"tourist_attraction, park, point_of_interest, establishment",Italy,11013 Courmayeur,"11013 Courmayeur, Aosta Valley, Italy",4.9
Tasman Glacier View,OPERATIONAL,"-43.6960103,170.1683729",https://maps.googleapis.com/maps/api/place/photo?maxwidth=400&photoreference=AWYs27zq0KjfIgSbEh-P75vbgvt2s4RtD2GTENL0Il4gMB5fILaCTz15vXq_tTpuM5gJks5LlefrAPdH62uBqZpYo81QPvbByLCoD-wjOqlDqiV7FjE7_22tH-WMM3EQbuTmPwEwy1KSQLVarfKvPyo5ttwyeVvZrixgG7A8WceosFdm2icv&key=AIzaSyBPAYnZHmlJnpMf-LfO8WEvsC2b7p_l_Z8,"tourist_attraction, point_of_interest, establishment",New Zealand,,"Canterbury 7999, New Zealand",4.8
Sequoia National Park,OPERATIONAL,"36.4863668,-118.5657516",https://maps.googleapis.com/maps/api/place/photo?maxwidth=400&photoreference=AWYs27xuA3V8LOrZ75w66ZV9kXTyLczY3lkoC2dN6XXtW-pxWhrMwNX4xxCMUO4tVArcAPwPzIiR3rFW40QGu8yOQaLbwgGFV-OAH2ySuCNNjr5ALU9QcuPYlrZbpwkCjgb6KSpN9ZTDYfYCyh5i--H9EC-in_7ynKaZmDNInvjdkEL7PFsC&key=AIzaSyBPAYnZHmlJnpMf-LfO8WEvsC2b7p_l_Z8,"tourist_attraction, park, point_of_interest, establishment",United States,,"California, United States",4.8
Royal Gorge Bridge & Park,OPERATIONAL,"38.4602607,-105.3098415",https://maps.googleapis.com/maps/api/place/photo?maxwidth=400&photoreference=AWYs27zOiL1XKrCREXZ2fLtXMGszNQ7Q1QxdhjONhr9hRy3yc8u2T51RuS7KwRHOlwRpdZDNP8E0EaLY2KVxwuogRjRSP3mMa7BeOioIt9wcgsAnUWiKwrbk0O4KSYkyNFH8C2TlSCWNFyS60i3Dl6rHeSQKx58G30hNAtVftXcj_c88VExv&key=AIzaSyBPAYnZHmlJnpMf-LfO8WEvsC2b7p_l_Z8,"tourist_attraction, amusement_park, point_of_interest, establishment",United States,Cañon City,"4218 Co Rd 3A, Cañon City, CO 81212, United States",4.5
Chamonix Amusement Park,OPERATIONAL,"45.92482829999999,6.879721099999999",https://maps.googleapis.com/maps/api/place/photo?maxwidth=400&photoreference=AWYs27wrne1cEwVfmm83TRDmCvOI4GTApAsWTywlaXTRFwuzg2_JTVOAcbLCJiImExytMz8YAnpcxCYqeqoPHCAFKj8bU1L-rPpv9T8K9UBr2pq93A-wdS-4cvsgtYwj7H7EOynPILdK7bDJlRnVD4FK5257q2djwrvxqxE0dQx2EVxWjdwt&key=AIzaSyBPAYnZHmlJnpMf-LfO8WEvsC2b7p_l_Z8,"amusement_park, tourist_attraction, point_of_interest, establishment",France,351 Chem. du Pied du Grepon,"351 Chem. du Pied du Grepon, 74400 Chamonix-Mont-Blanc, France",4.3
Gokyo Lake,OPERATIONAL,"27.9510385,86.6897719",https://maps.googleapis.com/maps/api/place/photo?maxwidth=400&photoreference=AWYs27zHXM0OueddyUNy1SlqlWSjrdOWtvXJ7qVbascZe8nUNf-OGb7q6DtjXtD979B1h61dHq2JQQCKwVtZe3-KRRxdw6W2dtblC4FwWag0ucs3dX7H_72lUaeh2hsSkpTJN_xoj4m25tnvJCgqRWzW-gNBpolAgMqu0WKsNHcrvpdGoWbi&key=AIzaSyBPAYnZHmlJnpMf-LfO8WEvsC2b7p_l_Z8,"tourist_attraction, point_of_interest, establishment",Nepal,Gokyo Lake Marg,"XM2Q+CW6, Gokyo Lake Marg, Khumjung 56000, Nepal",5
Haleakalā National Park,OPERATIONAL,"20.7203826,-156.1551524",https://maps.googleapis.com/maps/api/place/photo?maxwidth=400&photoreference=AWYs27zzHPOdntq7fJiv-cSC3ND9uks9a-rawHEL_tauZtrGHSI5yOrrE0UehH1CaP6lKuidf5ty3uERi3XjpTHMPtcfcHjhb9z2zOUow4in8oOayy2z9RY1G3uZB41kPUKKI09-1u2nJ98NNV7lkYsIHm-OAG0iPDxffOaED7WO4FU0KaM7&key=AIzaSyBPAYnZHmlJnpMf-LfO8WEvsC2b7p_l_Z8,"tourist_attraction, park, point_of_interest, establishment",United States,,"Hawaii, United States",4.9
Parthenon,OPERATIONAL,"37.9715285,23.7267166",https://maps.googleapis.com/maps/api/place/photo?maxwidth=400&photoreference=AWYs27xoDdXef520V6lq8E8nz82d0o3OG899_X6ZHxHLDP58ep0lGF3BsDzr74oiKFr0oHtAIZ2SV3ffzOua6QEM8mmPECMLwcBxoK3xe2pM9Ndif_dkSHFgNyevgXHKnbEagDywmDfLCbKNysV98qKJDCo58Vs-dnWAHMzPg_0ypbyG11RS&key=AIzaSyBPAYnZHmlJnpMf-LfO8WEvsC2b7p_l_Z8,"tourist_attraction, landmark, point_of_interest, establishment",Greece,,"Athens 105 58, Greece",4.8
Torre de Hércules,OPERATIONAL,"43.3859571,-8.406495300000001",https://maps.googleapis.com/maps/api/place/photo?maxwidth=400&photoreference=AWYs27xZcAgn1tYTB9kJiJ339O4RYhL3ieDJoBitHCf-OFpfEueAqOKh2Q1apyZO8NgcVVedW1UhHoiQTLEewLYkgdd89Z_l7LDg4jn1zMFFiumO-S_pGcBVljEn2Vg07bKcafy0QO07ONubmZGpxhmdUPIem0O5ofyPWwdqjg3rTJL_W3BD&key=AIzaSyBPAYnZHmlJnpMf-LfO8WEvsC2b7p_l_Z8,"tourist_attraction, point_of_interest, establishment",Spain,s/n,"Av. Navarra, s/n, 15002 A Coruña, Spain",4.7
La Pedrera - Casa Milà,OPERATIONAL,"41.3952155,2.1619024",https://maps.googleapis.com/maps/api/place/photo?maxwidth=400&photoreference=AWYs27ylCjt8j5rXV1JXdaLIBdezpT79y1N0CNfIVl_IDqvKVcJOLwyKfOpJqGlnLNMMpfP83SqRpKxMNsUaNfId6uiBoXhR7FI7LhPPUpONH2MX7ZnTDN5tQTW81laWCxl9OPdGpJEWdP_MDyhBJc68Lp3vuGrR1FmUg-Hv-wM1kGKBuZLU&key=AIzaSyBPAYnZHmlJnpMf-LfO8WEvsC2b7p_l_Z8,"tourist_attraction, museum, point_of_interest, establishment",Spain,L'Eixample,"Pg. de Gràcia, 92, L'Eixample, 08008 Barcelona, Spain",4.6
Devil's Pool,OPERATIONAL,"-17.9243125,25.8535837",https://maps.googleapis.com/maps/api/place/photo?maxwidth=400&photoreference=AWYs27wCz6osIJXiQJCT9pXVVYpfkMHS9jeQFvVh3uwS2YdmT2_8m7Y41rXJn6b86ROgE0pUAucmOxCaKUTkieBKlpiM-5ioP-7qoc97ZJAHRrTGwX2EyOR7zByudxBsUPW_pcWxm1UK6rVLIGIWeJNZdCUxMBJZs8YfFbqmUjGVUvHETT-b&key=AIzaSyBPAYnZHmlJnpMf-LfO8WEvsC2b7p_l_Z8,"tourist_attraction, point_of_interest, establishment",Zimbabwe,275 Adam Stander Dr,"Elephant's Walk Shopping & Artist's Village, 275 Adam Stander Dr, Victoria Falls, Zimbabwe",4.7
Ngong Ping 360 Midpoint Overlook,OPERATIONAL,"22.2698224,113.9068679",https://maps.googleapis.com/maps/api/place/photo?maxwidth=400&photoreference=AWYs27zYQxkZFxMxFm1kYWSV74ahqPBGkOUh58nRob4JbRubZeWRvIXfjsKmPMuNCsycF94OsZFGZjm_vXwBPpFK0hZ22mUaS_thSAaStSL6JS8G_5SrrqEz66Ee8td00YQDn9hWayUzWyKboYI8D5OVHNzALlZ9hrw8J8OZOZJ-GrjXmtub&key=AIzaSyBPAYnZHmlJnpMf-LfO8WEvsC2b7p_l_Z8,"tourist_attraction, point_of_interest, establishment",Hong Kong,Nei Lak Shan Angle Station,"Nei Lak Shan Angle Station, 昂坪棧道 Lantau Island, Hong Kong",4.7
Dune 45 Sossusvlei,,"-24.7277568,15.4725668",https://maps.googleapis.com/maps/api/place/photo?maxwidth=400&photoreference=AWYs27xdRK-m7CZu23yAfengPe3GqNl91ZSYwZT10X2wgGOgs19Y_y8IPUEKoSEhHJTixoJQoQ0Z9LLgDzEJNz7pC-uebA7FyJXxJxXrqEx_QtMLxzj9EJk2QuRJekRwBQdtb5hu55NoLaDK7Xw_eS4ef1K5HvICtcU-6N3MhsXcKKbs4wpb&key=AIzaSyBPAYnZHmlJnpMf-LfO8WEvsC2b7p_l_Z8,"natural_feature, establishment",Namibia,,"Dune 45 Sossusvlei, Namibia",4.8
Clock Tower in a Roundabout,OPERATIONAL,"20.9516322,107.0852406",https://maps.googleapis.com/maps/api/place/photo?maxwidth=400&photoreference=AWYs27yYVYgxWNSLgAKsE2Qs8Roawc6pHFhKrnhasbaWMQBYiy8KFQkcFOi408P1N50gyonBfaNq3jztX5haJf03WY5XzaAyO78dfemesFBBp43rLDD4WOxRr-gYGMbDKGGgaRGsQ2M86YUxtuumv7W5RvNYIh4SjGFebs9oERJdUajGGZjm&key=AIzaSyBPAYnZHmlJnpMf-LfO8WEvsC2b7p_l_Z8,"point_of_interest, establishment",Vietnam,Hạ Long,"X32P+M35, P. Bạch Đằng, Hạ Long, Quảng Ninh, Vietnam",4.5
Waitomo Glowworm Caves,OPERATIONAL,"-38.26070139999999,175.1036062",https://maps.googleapis.com/maps/api/place/photo?maxwidth=400&photoreference=AWYs27yXDbreK9zp_hjg5g4doU6ZPv9-Ez5xDSy1lVGT7dOGyR-PxABDXj00Uy-LYxd_5jA3a_NtsOkTHLjN-xYWafLed_RN51APKUe6cMkseGaREaFCeUGXH51xEp_N7cGokh3cJ7zYxLXNQU1m49FnSizSRDFyGLc7PDged6RH9SuwviUy&key=AIzaSyBPAYnZHmlJnpMf-LfO8WEvsC2b7p_l_Z8,"tourist_attraction, point_of_interest, establishment",New Zealand,39 Waitomo Village Road,"39 Waitomo Village Road, Waitomo Caves 3977, New Zealand",4.5
Emei Mountain,,"29.51600699999999,103.334737",https://maps.googleapis.com/maps/api/place/photo?maxwidth=400&photoreference=AWYs27yeS8xCGUCN9-jCVTSKpb7oGZwbpNjANti7g8zuIVw8RuoJnRDZPphvOk1PVR_gZE2U221bGd93IKQ7u4gYjhjuEU8sCSdQ92g1zc2enW49NdONxyu8kCIYBR8nAgDX5h4FFRJtBHseGwakewHKTRBq2ahfkIX9Vw7scrLSv5FvE8XX&key=AIzaSyBPAYnZHmlJnpMf-LfO8WEvsC2b7p_l_Z8,"natural_feature, establishment",614203,Leshan,"Emei Mountain, Emeishan City, Leshan, China, 614203",4.6
The Badlands Amphitheatre,OPERATIONAL,"51.459764,-112.7471909",https://maps.googleapis.com/maps/api/place/photo?maxwidth=400&photoreference=AWYs27ysxNdm87oUobWeCzeLk5e4dX7XIXvHTViScKGg-H85ljMhP4iydrYov9tigrxDDx6ev8PpQmozBOBIAmnrtZMfU59Fxux6CivtzlTaSTUgXLqn_AHnhzpG2OiwlbCBMZuLNvlmFFJO0zQetqao8D91U999C5VzzCyoJhm8qMiqxyR-&key=AIzaSyBPAYnZHmlJnpMf-LfO8WEvsC2b7p_l_Z8,"tourist_attraction, point_of_interest, establishment",Canada,Drumheller,"605 17 St SW, Drumheller, AB T0J 0Y0, Canada",4.8
Hegra | الحِجر,OPERATIONAL,"26.7702806,37.9453684",https://maps.googleapis.com/maps/api/place/photo?maxwidth=400&photoreference=AWYs27yAfCrO5m8JZJlZh2_hufMx4tDY_QKdikExLTrd9KSZ42j4grqJ1M4vWTIYpsxsz1mp1rqiDL3VAX0get8zMs64MFGzcRjSczCeXh0eGBi0GJVpU3uAgrJOklEl0SvYFEnr5XiskxNErKM-9MEyeF9H3L22D0xV8MFbOrh7oYE8bFQT&key=AIzaSyBPAYnZHmlJnpMf-LfO8WEvsC2b7p_l_Z8,"museum, point_of_interest, establishment",Saudi Arabia,375,"375, AlUla 43525, Saudi Arabia",4.1
Masada National Park,OPERATIONAL,"31.3143223,35.3555709",https://maps.googleapis.com/maps/api/place/photo?maxwidth=400&photoreference=AWYs27z5vLz2g59jaodTt1IRIq5OVR58qhR3LyA_JcxkKoWywlo8lwOmJVrTeAVXs3-noLlxVhUmpjNsIPhKvIhB1YKM5wo5X7d_WL4ehC7Y8-I0n5dkXwsgKt4U3PQmkCshZWJ8sdfQRxseWAtXI4MwmJgafkcIbR3OspVNYrEpEb9Uz0NL&key=AIzaSyBPAYnZHmlJnpMf-LfO8WEvsC2b7p_l_Z8,"tourist_attraction, park, point_of_interest, establishment",Israel,,Israel,4.7
Phong Nha - Ke Bang National Park,OPERATIONAL,"17.477679,106.1340395",https://maps.googleapis.com/maps/api/place/photo?maxwidth=400&photoreference=AWYs27wkVsBRkt9t8MQbZECNb9tmON1b2xBmBnbogYphlOEMAPZHAZDWFREh4mA2Mpg7gLvcf3YofC_XGRDj9nc_oYf8nFNdonqAHXRt79qmwK-qDcLZQ4RLlsase7I1tQQqKbTcq2UzMSxfMd6y-HgVwavKkemTRGVVqji7mKCvyrsLvJF-&key=AIzaSyBPAYnZHmlJnpMf-LfO8WEvsC2b7p_l_Z8,"park, point_of_interest, establishment",Vietnam,,"Quảng Bình, Vietnam",4.7
Gora El'brus,OPERATIONAL,"43.3110297,42.4451155",https://maps.googleapis.com/maps/api/place/photo?maxwidth=400&photoreference=AWYs27y7trx5KmjIpuikBLEijnLX2Ep59AJWnVTrjN_bkh-I1ufIMnhIXeqTuQp_JZfZyYSjWOD3dyPzNjtf3bMLOJZn-K8PkjXfvPSIitUk5-sMH6tqmaOOEOzemIWn8Q0FCA32ORba3tFlgaCKMBjo958Tfi1MlrOmhykXO4jFfdV-uBM3&key=AIzaSyBPAYnZHmlJnpMf-LfO8WEvsC2b7p_l_Z8,"tourist_attraction, park, point_of_interest, establishment",361616,Kabardino-Balkarian Republic,"Kabardino-Balkarian Republic, Russia, 361616",4.8
Etosha National Park,OPERATIONAL,"-18.8555909,16.3293197",https://maps.googleapis.com/maps/api/place/photo?maxwidth=400&photoreference=AWYs27xCNncgROm14oZzqrbO89ceLgLavW1vyVfCPE6bbqDog2NCKHNXmgbISzIYbIx7lGI4UftKfP2LQltxH1Qdmn138AfZ_tgHhiTfPoC0xbjI7BuYHMeyA_k5Kalw_QPXqiljOoWTbz0_7yjCADiwnOATUwnePcc35dRUXlosJiovKz5e&key=AIzaSyBPAYnZHmlJnpMf-LfO8WEvsC2b7p_l_Z8,"tourist_attraction, travel_agency, park, point_of_interest, establishment",Namibia,,Namibia,4.5
Lake Nakuru National Park,OPERATIONAL,"-0.4035304,36.0961663",https://maps.googleapis.com/maps/api/place/photo?maxwidth=400&photoreference=AWYs27ztjfyE7ktrxBQEaVodkp2Fq29FQcJ_6DzX43LToct3hbOXngkR_XdkG96K4FjA3d8dr25TnVIEqUDtlaybYSLJduxB74EbOLCE3aOay88eubamzz_uR1d0nOFvSADuL1c0sNj-lbrRUoXOZV2pWEwWnASTqN5eIow4kLPzCPR9VXHW&key=AIzaSyBPAYnZHmlJnpMf-LfO8WEvsC2b7p_l_Z8,"tourist_attraction, park, point_of_interest, establishment",Kenya,,"Nakuru, Kenya",4.4
Akshardham,OPERATIONAL,"28.6126735,77.2772619",https://maps.googleapis.com/maps/api/place/photo?maxwidth=400&photoreference=AWYs27y2xkc80F5M4OWVKo1LfUfTn84SvxNOr52-M2rOuNA_uH3TSjz2nyVSAwkK5tdPDj5EpaSv-g28Jq1K9HLzc6mrv2-tFTfBkptAIfr8sGyPxGCPTbcacJDIrGScHmmErhAdz9PfTfjcSWOh62opY4nnt6pUVeGM6tYKt4ihB_q0R9kE&key=AIzaSyBPAYnZHmlJnpMf-LfO8WEvsC2b7p_l_Z8,"hindu_temple, tourist_attraction, place_of_worship, point_of_interest, establishment",India,Delhi,"NH 24, Pramukh Swami Maharaj Marg, Pandav Nagar, New Delhi, Delhi, 110092, India",4.6
"The Big Buddha, Phuket",CLOSED_TEMPORARILY,"7.8275763,98.3128423",https://maps.googleapis.com/maps/api/place/photo?maxwidth=400&photoreference=AWYs27xCRIBZOUuDe0s6PNUHyv9sxZCRnzN6Iix1aN1VF9PRpi4x7X3uErymPW_nmQcVLXOoAXRuMPIcy6kz65SHq6ZzOJfgt9OR8mozzL6Z90vz2_oEH3VpzZrYf_s_E5q4h8JRHy9aouR2wQV0ue3hQ1OpENyg2TytDTQB6yxtLjf2oDWZ&key=AIzaSyBPAYnZHmlJnpMf-LfO8WEvsC2b7p_l_Z8,"tourist_attraction, place_of_worship, point_of_interest, establishment",Thailand,Mueang Phuket District,"Karon, Mueang Phuket District, Phuket 83100, Thailand",4.6
Great Blue Hole,OPERATIONAL,"17.3159545,-87.53468509999999",https://maps.googleapis.com/maps/api/place/photo?maxwidth=400&photoreference=AWYs27xEBUycgRmomlPgs5vaJwOiQmarUVnZlySCbLLQLxy4JGepE26V11gaGuZXwZzu0cNSGigONIw2-9t1F4sgH3m5hCP2HQMaFuFB3S1k1feBx0jEKwyqbRn8Nj3Qo8CUQVhT5KzdwIPiZwH808AQUTX9FLmBtzv9w_JD4zb7R_fjJd1P&key=AIzaSyBPAYnZHmlJnpMf-LfO8WEvsC2b7p_l_Z8,"tourist_attraction, point_of_interest, establishment",Belize,,Belize,4.6
Cupola of the Chain,OPERATIONAL,"31.778074,35.2357001",https://maps.googleapis.com/maps/api/place/photo?maxwidth=400&photoreference=AWYs27w0Cm6x9KXeniuCHU86jlfXZBw0qiX2iWPHdWj02dx746Ag3OUTBj_-7eOsXcLgQuObUKt-HycAZ8uF6q_1owbE810EV2JCtOdZL9bW5PbFiHhO2UiLdftkqMvEWIDwQSH-M5i-LlXr0BYMt0oVWDgWg-YfDrxA-sLTGA3VDdf72Uq6&key=AIzaSyBPAYnZHmlJnpMf-LfO8WEvsC2b7p_l_Z8,"tourist_attraction, point_of_interest, establishment",Jerusalem,,Jerusalem,4.6
Views of Santorini and Caldera,OPERATIONAL,"36.4606313,25.3733359",https://maps.googleapis.com/maps/api/place/photo?maxwidth=400&photoreference=AWYs27zk-mUNdVMWd6GXw5w1zP8F6YBSHOoD6GS1g24II4bizmvFn5uB0dWSeyDGO5P5iFeplhxsCVSNk60R1pIudCDMWk5AUSfOuZEHxqmqQPKXfcqCLuAfLYbvZsikbs99TqQzMrpXXVxrnKOF7QOY5GcjoyHBnjPq0ClHHaClyy7xv9sj&key=AIzaSyBPAYnZHmlJnpMf-LfO8WEvsC2b7p_l_Z8,"tourist_attraction, point_of_interest, establishment",Greece,Unnamed Road,"Unnamed Road, Oía 847 02, Greece",4.8
Plitvice Lakes National Park,OPERATIONAL,"44.8653966,15.5820119",https://maps.googleapis.com/maps/api/place/photo?maxwidth=400&photoreference=AWYs27xni4L9fBGS23eeQb25U0-k4sOt8qfcg_AOjzykH-PsdSAIYP4jC_ZjXdrzsZh73Yq46bFPvlZM2ulMBSRwa6y3hSWbvugZwVIkANY2R59HZQwBxGaRupIGC-cljHxQ51cYkSj2N7YhMR8Up7odYDlxwLY9ti1GyIuyGCjUf3ezeM7d&key=AIzaSyBPAYnZHmlJnpMf-LfO8WEvsC2b7p_l_Z8,"tourist_attraction, park, point_of_interest, establishment",Croatia,,Croatia,4.8
Fairy Pools,OPERATIONAL,"57.25034309999999,-6.2582954",https://maps.googleapis.com/maps/api/place/photo?maxwidth=400&photoreference=AWYs27y_QmbMOERPGFl3aeyKduhwNoV-gADFgdbW8NbUabRBNWtwpK1svYfj7uuo7wB_QgcmkESdaV-kCMY_3SmDEcrI-DuGR3KuIZGsQ1FQ49d-3JmjO7zoSW8FjL5n9bkHTVVqWcaKbVqUNL-sEvqvwmGUpVdhYg8424owb91bnUaiUaGT&key=AIzaSyBPAYnZHmlJnpMf-LfO8WEvsC2b7p_l_Z8,"tourist_attraction, point_of_interest, establishment",United Kingdom,,"Isle of Skye IV47 8TA, United Kingdom",4.5
Snæfellsnes,,"64.8443266,-22.6532696",https://maps.googleapis.com/maps/api/place/photo?maxwidth=400&photoreference=AWYs27ycOQmHc3oP3M6vMhcNGIVgQ4RFu3ys1uXfQmYR6RCySF8F7Mx9l001Q9QOvczghIUn0sDIQylSsxzwZSkSrxhIDylQbqeA1Qgjge4cET86H-_05nYeGhcfAkWiPGu9E36NBIRY0eTI1-64wG0RjI0ZdzTjtHK1DpPy7fvJudOzViyU&key=AIzaSyBPAYnZHmlJnpMf-LfO8WEvsC2b7p_l_Z8,"natural_feature, establishment",Iceland,Snæfellsnes,"Snæfellsnes, 342, Iceland",4.8
Saint Catherine's Monastery,OPERATIONAL,"28.5559484,33.976048",https://maps.googleapis.com/maps/api/place/photo?maxwidth=400&photoreference=AWYs27zkKHIkC9sP_dakjti93JLqkBnW31uxAsnpSuOxTqqOPLhYZ1iQYgiQMRmlTPDdSBDkY8Hj-HhB_S6Cv_iwFtcat97a5J5ETWhx2UvtjpQGZGDNArxWUVgmPfPeqJoQpd4RvuQEXNVpEnvmi0JAA_GgMgid6QOTzh18Mdh9kJ6AotJi&key=AIzaSyBPAYnZHmlJnpMf-LfO8WEvsC2b7p_l_Z8,"tourist_attraction, place_of_worship, point_of_interest, establishment",Egypt,Saint Catherine,"HX4G+9CF, Saint Catherine, South Sinai Governorate 8730070, Egypt",4.7
Yading National Nature Reserve Management Bureau,OPERATIONAL,"28.547951,100.32743",https://maps.googleapis.com/maps/api/place/photo?maxwidth=400&photoreference=AWYs27yu0b51mo4biCxUfnR2KVjYuOf-poBMgQP_r9rUbtkhLypVNnYeOdselLpQ9N9TGafdXqhpGgYiKo2k1oTQRXlrIJA3iGESDiwskO6rXjozTFCdgODUQsJxaNYJLacQHgy-GSRYPCOSRubOljbfAbQ3Pg4P2wrpO6SYENpY3skcfFBq&key=AIzaSyBPAYnZHmlJnpMf-LfO8WEvsC2b7p_l_Z8,"point_of_interest, establishment",216省道 邮政编码: 627752,Garzê Tibetan Autonomous Prefecture,"China, Sichuan, Garzê Tibetan Autonomous Prefecture, Daocheng County, 216省道 邮政编码: 627752",4.9
Manaslu Circuit Trekking Route,OPERATIONAL,"28.6101584,84.4645622",https://maps.googleapis.com/maps/api/place/photo?maxwidth=400&photoreference=AWYs27wAIez-sqmz9wlDKBJhIKUaAjMeIJfbWFHN7iVLgDXK-mm-x6Fz711bVvdSvJTsBuMxOVsRCFDmeFtXgSkF4Ykvat4jsRsE1oGQVab6vRDKw3FxXgbz22kKmrumOzNDbtFTDsF98bKPUt0_zFxaVyN7pIWg4iFP7uvJNZovXwhN58Ee&key=AIzaSyBPAYnZHmlJnpMf-LfO8WEvsC2b7p_l_Z8,"travel_agency, point_of_interest, establishment",Nepal,JF67+3R7,"JF67+3R7, Thoche 33500, Nepal",4.8
Cotswolds AONB,OPERATIONAL,"51.7904231,-1.9585663",https://maps.googleapis.com/maps/api/place/photo?maxwidth=400&photoreference=AWYs27w8hFWpZB35hWxbEulPFOL83g6cY79c97FCxEQ6S7G0Db5yktk--TOL8kuAR20Uw_R-xIhc3alFn48km1KQiSJeaqR2lf2rVJSd8RlcD150bMaGXMIGG0FBr5hjwEit-ADq8NIM4-SmPdU0WFswR9lArdrbii76t27yYnY5XEmtGWRQ&key=AIzaSyBPAYnZHmlJnpMf-LfO8WEvsC2b7p_l_Z8,"park, point_of_interest, establishment",United Kingdom,,United Kingdom,4.6
Sigiriya,OPERATIONAL,"7.957032699999999,80.760257",https://maps.googleapis.com/maps/api/place/photo?maxwidth=400&photoreference=AWYs27wV750JGoKgOAm8PBZF8PSJ0FiNUZv-KfdIgvQ6QO48J2zuiBWRTnnDfb91noBPWgSJo3em9wX24qqFlp8leGwedZkdrOegakSjged07xmyegJLIrJu4T-Fnda_GXD13a04dBu9qZFsXDCMzGTGTAEgBz48bNmXYdGstFl8DNDJOUTC&key=AIzaSyBPAYnZHmlJnpMf-LfO8WEvsC2b7p_l_Z8,"point_of_interest, establishment",Sri Lanka,,"Sigiriya, Sri Lanka",4.7
Sheikh Lotfollah Mosque,OPERATIONAL,"32.6573516,51.6786428",https://maps.googleapis.com/maps/api/place/photo?maxwidth=400&photoreference=AWYs27zOAfUFGgLeu0m8RJLHqYObsy2wFgnN2iddNCiNG83VBZsoHw-tn6kYx61k9xZVSCAVkKM-Wsh_aL-n3D9HA48w24ObvlrtaO5ZwktH-NCRbAspZsGZypEe4pkszaefbnm7sdQ-Ofi6jZw-hKK0OfpgTH9UY57MjgZR-dD6p2Zypg5h&key=AIzaSyBPAYnZHmlJnpMf-LfO8WEvsC2b7p_l_Z8,"mosque, tourist_attraction, place_of_worship, point_of_interest, establishment",Iran,Isfahan Province,"Isfahan Province, Isfahan، میدان مسجد شیخ لطف الله، MM4H+WFR, Iran",4.8
God’s Window,OPERATIONAL,"-24.8768995,30.8881885",https://maps.googleapis.com/maps/api/place/photo?maxwidth=400&photoreference=AWYs27ykZFWGIEEsu9hVAG6LGkQBg9DKy4LxcwfcAN180jDZxniMskkKiDWBtAR2UePjEADCKLPQv19Co4wnHiis6bxOKqImi7h2wW847RpYkEXz6TcRq8CVSIqmkZVR-L2VlZy5UIpwIOO-9GbFU1X35LHS8K8G8T7nXpd9W5xTkVqDiUtC&key=AIzaSyBPAYnZHmlJnpMf-LfO8WEvsC2b7p_l_Z8,"tourist_attraction, point_of_interest, establishment",South Africa,R543,"R543, Ehlanzeni, South Africa",4.5
Fitz Roy,,"-49.271246,-73.04322599999999",https://maps.googleapis.com/maps/api/place/photo?maxwidth=400&photoreference=AWYs27xfNGbsl2eTxlJTyH5TeTLUZhkxBcLxAcwmI-eHrNaAfaG8gM8yOY3fO98z1a1q81OhcDHhsZ16ZjwUjQlgCRbycQacLHI9O2_V0uRVJ9V9Me5OFUwmEmIEDxFFgevE62yHkZUs9WDWnbkGMHddypwTj1ObhEw7nvhUJchHUKTSFToN&key=AIzaSyBPAYnZHmlJnpMf-LfO8WEvsC2b7p_l_Z8,"natural_feature, establishment",Fitz Roy,,Fitz Roy,4.9
Timbavati Private Nature Reserve,OPERATIONAL,"-24.407347,31.314404",https://maps.googleapis.com/maps/api/place/photo?maxwidth=400&photoreference=AWYs27zNB2EKehlOGr5j7mh8SqMVvz2WRZeEo8yJVLok1doQquJf9wZHPJQ_ovpIEkSKi3qDkKa8k9Gffxyo48IZcExuh9j_yW2H90zzEDsPo3DWlxoZd7L3mRA5mABkFR_MJ5a8Gmm6xuNxnXmtjeu2kvvoYoV-py44aOQXi63f8p93ye9t&key=AIzaSyBPAYnZHmlJnpMf-LfO8WEvsC2b7p_l_Z8,"tourist_attraction, park, point_of_interest, establishment",South Africa,Hoedspruit,"Hoedspruit, 1380, South Africa",4.8
Silent Rock,OPERATIONAL,"45.3066353,-121.8305414",https://maps.googleapis.com/maps/api/place/photo?maxwidth=400&photoreference=AWYs27z9MBsco4w3N_trfW2llDJx7U2M9NwwSnpm-VB81gL-J18Bz7qxaj40R4Nf2FXljtzfE3SfPES529f3khFokP4ldBUdXF_p6tHiH8nFqbIjCPzV_YC5sCEehmkyX91v3xgjnjbvBVsnaA0crutkSN1cwJYfJUyMkW3QUdp9W8hxaAXJ&key=AIzaSyBPAYnZHmlJnpMf-LfO8WEvsC2b7p_l_Z8,"tourist_attraction, point_of_interest, establishment",United States,Rhododendron,"Rhododendron, OR 97049, United States",4.8
Angel Falls,OPERATIONAL,"5.9701156,-62.53621649999999",https://maps.googleapis.com/maps/api/place/photo?maxwidth=400&photoreference=AWYs27zre7lySjK5dL-HOjuXfLrm9xB03commUj4fNO0Trd5OtgVr-i7KivPTjN5gkSeOYAi-dXMYW_MqR377aI8dYIzLrnH4Nlznhsi27ms1bSUHhVKaW735GPosqr7vUvOVzoAuVCjnFx5xSzm6BWNPXKuMoF6j_sOKeNVl9uz-_c8uPOo&key=AIzaSyBPAYnZHmlJnpMf-LfO8WEvsC2b7p_l_Z8,"travel_agency, park, point_of_interest, establishment",Venezuela,Canaima 8001,"Parque Nacional Canaima, Canaima 8001, Bolívar, Venezuela",4.7
Eilean Donan Castle,OPERATIONAL,"57.2738957,-5.5161585",https://maps.googleapis.com/maps/api/place/photo?maxwidth=400&photoreference=AWYs27wGvPyo8t5NBx2mZ8azVAbJmEuj0VmsBBsfLeEFXx4TzfPpiENTiQWky5yXosQupAeYNuab6p3BU5o9x_MExPR8l6WK2LvvDt_nTarX8omF5zmR_JZCNGLWKBmd-sT5vQD8_njZhiGnV2JlMDJo9b2IsZj6GBsYVc6Rv24HNaNg0WeZ&key=AIzaSyBPAYnZHmlJnpMf-LfO8WEvsC2b7p_l_Z8,"point_of_interest, establishment",United Kingdom,Dornie,"Dornie, Kyle of Lochalsh IV40 8DX, United Kingdom",4.6
Shenandoah National Park,OPERATIONAL,"38.4754706,-78.4534573",https://maps.googleapis.com/maps/api/place/photo?maxwidth=400&photoreference=AWYs27xg9kp1GqwLCOMcfktsFU1pKRb9LJoTBDlq7Trj4O4MKyHjc4vhvMQtNYkddBe6Bn68KOwxKXAy2f2CV7FA31Rqad8Om7BoQLSKCFq6n5HoRkVw_-iBDSqTsjVNOJXUEKOg7uzT5ulUVTwr7LyW0w4zCECsUSoFG1o-dzVoaKyXtRQo&key=AIzaSyBPAYnZHmlJnpMf-LfO8WEvsC2b7p_l_Z8,"tourist_attraction, campground, park, lodging, point_of_interest, establishment",United States,,"Virginia, United States",4.8
Santa Maria de Montserrat Abbey,OPERATIONAL,"41.5933378,1.8376246",https://maps.googleapis.com/maps/api/place/photo?maxwidth=400&photoreference=AWYs27zkZhxyxgn90bmei2hKBES-3FS4JK155rNZMd_dPGoAdjBPYVwzT_rUOr9UsLAFJcGq2V3PBwY8iYq84Lo9cTxddXnEiZcHW8g5Buxv97EjaK6LLjUfQouE6z9h-3eiblNrcDczZ57pQHWKHFqlQ5ZGdXOfyCeYfzO_jShC0XB5zAI&key=AIzaSyBPAYnZHmlJnpMf-LfO8WEvsC2b7p_l_Z8,"tourist_attraction, church, place_of_worship, point_of_interest, establishment",Spain,08199 Montserrat,"Montserrat, 08199 Montserrat, Barcelona, Spain",4.7
Vikingship Lofotr,OPERATIONAL,"68.24392499999999,13.7851726",https://maps.googleapis.com/maps/api/place/photo?maxwidth=400&photoreference=AWYs27wnrtV0lDy_8899axHE582_yfUr6JsaD4VTNeGBBY5ZaI_-IzXtnJhs2NvleosB9rEwrUOYGFQpr6NdH6UACkhsISq8-2RKhCHLleHjZB_l75QPHH2yvIdBaAhRnb9gX-6Lx7jz9XSd4LKyGMY7B0QE-k-kLdHRQMaurgEv49mrw8av&key=AIzaSyBPAYnZHmlJnpMf-LfO8WEvsC2b7p_l_Z8,"point_of_interest, establishment",Norway,6QVP+H3,"6QVP+H3, 8360 Bøstad, Norway",4.6
Dhaulagiri,,"28.698333,83.4875",https://maps.googleapis.com/maps/api/place/photo?maxwidth=400&photoreference=AWYs27zFi0PnuB-qEB85AMc6DTU9OO4qnthr_wse6RoaES4HpbCBcP-q9o6dqf9bl8Xyv0W8ZnMQDF5Ljrx6RpwADKZCnednj9wEUqt3fUTqKDwPSDnkhjlwGENvg73R1qKa_1RiTN9xy2qpVLjLgo9BdSjB2ysElo-hzd_ADczseO36roqp&key=AIzaSyBPAYnZHmlJnpMf-LfO8WEvsC2b7p_l_Z8,"natural_feature, establishment",Nepal,Dhaulagiri,"Dhaulagiri, Mudi 33200, Nepal",5
Fortress Hohensalzburg,OPERATIONAL,"47.79494829999999,13.0476583",https://maps.googleapis.com/maps/api/place/photo?maxwidth=400&photoreference=AWYs27x5GXUzmoYO5iiMBC7mZMvvVxwBAZRsxO1CfISYZjXJ7EAjer6cEW49nD8AGlPtiRnXvwS3vo54v8TFb10Sz9jtmIaHVGJ4hOvd2dLGEfOJcY921nSLz3oxGzwnvGaIvgrUiWdovy3oDCQYfZOFphjttkdRBlmftCsc4s4A4kS5qAtB&key=AIzaSyBPAYnZHmlJnpMf-LfO8WEvsC2b7p_l_Z8,"tourist_attraction, museum, point_of_interest, establishment",Austria,Mönchsberg 34,"Mönchsberg 34, 5020 Salzburg, Austria",4.6
Canterbury Plains,,"-43.6357606,172.1006571",https://maps.googleapis.com/maps/api/place/photo?maxwidth=400&photoreference=AWYs27yvdicalWuzqZaaOPMjgkRe5QgE2txSFPM63r4w2QQIB94DKe8H9OP1S6O04J8rU-6B2yEKviSr2B_Y-GrgN_rKPiPTglJMcC8KJzoD3ohF9NwWoczLsQw-3fJRnNMZ736t7IHLeu9olAbH8M64blFA_GlxH0cgAMntKjb_lxNMG-aE&key=AIzaSyBPAYnZHmlJnpMf-LfO8WEvsC2b7p_l_Z8,"colloquial_area, political",New Zealand,Canterbury Plains,"Canterbury Plains, Dunsandel 7682, New Zealand",
Batu Caves,OPERATIONAL,"3.2378844,101.6840385",https://maps.googleapis.com/maps/api/place/photo?maxwidth=400&photoreference=AWYs27xkqt_zd57DoyAMnXFYQNHQc4QmVzX76iQ7FzXSBdrh2kiczUnIE5EloOkwUs56cIjrVQCwfdIrclZwdti0zjSac2RjpoFEtDjJGsh87CMw-t8qn9ufIh9BdN6K9c0yudlWqN62PNjXPinYI6x9gxn1IVbrUEvnyr2yh6OoKjNof7kp&key=AIzaSyBPAYnZHmlJnpMf-LfO8WEvsC2b7p_l_Z8,"tourist_attraction, place_of_worship, point_of_interest, establishment",Malaysia,68100 Batu Caves,"Gombak, 68100 Batu Caves, Selangor, Malaysia",4.4
Monastery of Zygos (Frangokastro),OPERATIONAL,"40.3160562,24.0029557",https://maps.googleapis.com/maps/api/place/photo?maxwidth=400&photoreference=AWYs27x1Nt84Nh0dDGcQwIv_QKjqFStuyds2_3DHpMnqugC3zPcT4O8nedXcw9RFpn8f74COFdFnW9aI9NIM0UEFTl5Rpt843Dbw-EG2COcJMEW5V6mtHT3PUyHQNPHtg6xen1jIISLHXcDQUYda1C86KP1-zCnRG1h1KwxImgq0BJ3RA9Y5&key=AIzaSyBPAYnZHmlJnpMf-LfO8WEvsC2b7p_l_Z8,"point_of_interest, establishment",Greece,,"Ouranoupoli 630 75, Greece",4.5
Samburu National Reserve,OPERATIONAL,"0.6110770999999999,37.5375057",https://maps.googleapis.com/maps/api/place/photo?maxwidth=400&photoreference=AWYs27wa1M2w-IV7n05EoOXptyfNjIFfUN0ZpU5K_Dj6HnMFQR-orMac0TDS7zz1PFdEhYe5tZ0wIEhBmEDSRIBu4OLRg1n3tNVSCLmTA2UJl03s9Kc4pqHIyau3JLLFNHeAQ_am5CAhKWIfUE71nTDdoQ-jmSrrGl4fc-JTMXEwxrIoMNvu&key=AIzaSyBPAYnZHmlJnpMf-LfO8WEvsC2b7p_l_Z8,"tourist_attraction, park, point_of_interest, establishment",Kenya,,Kenya,4.5
Rann of kutch,OPERATIONAL,"23.8097974,69.9372841",https://maps.googleapis.com/maps/api/place/photo?maxwidth=400&photoreference=AWYs27xDlt-LbY4x-ZvFELCUd9RWrejuQhGZnpjdarTiLiGE7y0SnZ7mNX99e68_yE3v8jmThoy3Uj4iwOVizE_JSZ_2Dr5sNhOTh5cEkk03Dgdw1bk2DA8HzhBRbSmZjh1JX8kaPhtxXvgkTSjG1nfXHwD_A89GB5JyO2npuOOCke5fqNiJ&key=AIzaSyBPAYnZHmlJnpMf-LfO8WEvsC2b7p_l_Z8,"tourist_attraction, point_of_interest, establishment",India,Juna,"RW5P+WW7, Juna, Gujarat 370510, India",4.8
Cape Horn,,"-55.98333299999999,-67.2666668",https://maps.googleapis.com/maps/api/place/photo?maxwidth=400&photoreference=AWYs27zsksEbhtvOZTzTCeqUaWToPCfxLcNf4MZgup5RaDK3cMTtQ6E4Wso3H4GFyxekRcXTnKYPqnVqwMLMw17vI1rcaK8oqlkodFKJKRjn_DRiXQP1fa5W7by_8TPOk11XnesViIsc1HgeChRU1opt87PX3ZlJQoHe2pEXxNRSMZRv7eOV&key=AIzaSyBPAYnZHmlJnpMf-LfO8WEvsC2b7p_l_Z8,"natural_feature, establishment",Chile,Cape Horn,"Cape Horn, Magallanes and Chilean Antarctica, Chile",4.5
Dead sea Jordan,OPERATIONAL,"31.7168826,35.5894831",https://maps.googleapis.com/maps/api/place/photo?maxwidth=400&photoreference=AWYs27z-TZ8X29hVmiCm_0v06kxyOcKYRm3lm5oFR4a7NrEcbZRMwI1i2_3Hx5S8aUO_Z4G2dBoMT3yiIjFAR8h3laQ-El6uxz-2dIKI7qY5vPwDd2-r-Q69zsGfLczU94d_5TdC-C-hbJ20aBt5AEWOsaTy1MuDbZtGvr08HDj3nQLQnfKM&key=AIzaSyBPAYnZHmlJnpMf-LfO8WEvsC2b7p_l_Z8,"point_of_interest, establishment",Jordan,Jordan Valley Hwy,"PH8Q+QQ5, Jordan Valley Hwy, Aqaba, Jordan",5
The Bungle Bungles,OPERATIONAL,"-17.4891658,128.3702558",https://maps.googleapis.com/maps/api/place/photo?maxwidth=400&photoreference=AWYs27xqrF6wdoBVmsbQMJuxzBATdscm-64ISpbjB2wvQQAYT8koDHKNYLuQgZn14DAT9kwacVxT_bBuvrfNbTWVe0Mo-iYHCTykXSV2MREkMMWNIfhykIjLBtJoIXc-DyvtMN_avuSynNW-6878NQQDD01C_UYxMXluFPh5SEMJVk30iQsy&key=AIzaSyBPAYnZHmlJnpMf-LfO8WEvsC2b7p_l_Z8,"landmark, tourist_attraction, point_of_interest, establishment",Australia,,"Purnululu WA 6770, Australia",4.7
Parque Nacional Tierra del Fuego,OPERATIONAL,"-54.83492529999999,-68.4465053",https://maps.googleapis.com/maps/api/place/photo?maxwidth=400&photoreference=AWYs27w_x4h93hhHoG4uIE_Lz2Mx7YNajOut5qbDJeikkQDbIMUMsVZA0qb8zNN22f-Dr8TO_DszGIQ7w8aZ8cpXy9trghpoCTm5MaZm2pOlU4EUejad2d2d8MYANZN8IbsBe0BXMBaizl8eL4nzsnwyBV_AcQr613LuHuxTY3ALzv7I1v-e&key=AIzaSyBPAYnZHmlJnpMf-LfO8WEvsC2b7p_l_Z8,"tourist_attraction, park, point_of_interest, establishment",Argentina,V9410 Ushuaia,"RN3 kilómetro 3067, V9410 Ushuaia, Tierra del Fuego, Argentina",4.8
Mount St. Helens National Volcanic Monument,OPERATIONAL,"46.2401661,-122.1966618",https://maps.googleapis.com/maps/api/place/photo?maxwidth=400&photoreference=AWYs27ygK8qzfrUF1b8OCvMLeow7AA2g2eRkbHPky0JilPs5KMWzcBhL_OFznZ6A2hXovR7X7D8MtavQ513x0Rtvian1TqSFuBn0nhQdRwgA_SjbzfHZyQ6GDtqbelXJNGg778wOW4XDLPyimI3QI5ZrcRgMCv5qjMPJ0J_IfnE5ylOo9ybd&key=AIzaSyBPAYnZHmlJnpMf-LfO8WEvsC2b7p_l_Z8,"tourist_attraction, park, point_of_interest, establishment",United States,Castle Rock,"3029 Spirit Lake Hwy, Castle Rock, WA 98611, United States",4.8
Plaza Mayor,OPERATIONAL,"40.415511,-3.7074009",https://maps.googleapis.com/maps/api/place/photo?maxwidth=400&photoreference=AWYs27wn-oNyk3bLQXImvT80i_qFCGeiWYXJrNfz--e-GoU12enEwsE_qyVo1Yao667hrE5a4TSQVU5KMVEkkonTFCkSWAeyMWQxcUD8UHRopuM6cAGRxsgAMCznZhok5fKdA-UXpJcMVk_CCTqn8lejXvCpXf0mALEcWSJOnqV25dmIEy2X&key=AIzaSyBPAYnZHmlJnpMf-LfO8WEvsC2b7p_l_Z8,"tourist_attraction, point_of_interest, establishment",Spain,Centro,"Pl. Mayor, Centro, 28012 Madrid, Spain",4.6
Access Bridge of Ávila Walls,OPERATIONAL,"40.6580447,-4.7067476",https://maps.googleapis.com/maps/api/place/photo?maxwidth=400&photoreference=AWYs27xtYCN8wrppW8DLhqF2YM3nLbK1_hF_nV7iXFjSIwCGAlSduzSTGbX_-x0YqtF3nQWrbu6PfFiEG1XA5jKliwGD4uN0-HRMnSsnO5jV6Z0-hGbrjCNoL6f79k_8f7xRale-K8lqBbRXtjBb6V5c9hvL84inpdphheALn7t2L-CXObav&key=AIzaSyBPAYnZHmlJnpMf-LfO8WEvsC2b7p_l_Z8,"point_of_interest, establishment",Spain,34,"C. Marqués de Santo Domingo, 34, 05001 Ávila, Spain",4.7
Bryggen,OPERATIONAL,"60.3975672,5.3245493",https://maps.googleapis.com/maps/api/place/photo?maxwidth=400&photoreference=AWYs27wD94lkz9mQ0493jku9ao9YyJyJzW7K_TiUNRfoG9KA6-0LG4P1GP7AztfAieUtd8PIdsozrrf3mGeip6zt69JGkhWvWbnpLdvNLJPi9UefezxnYgUIrGQ05htVlRKJ-kKo6i4xNdVNEa7Fm5KTcl_kWnK0jrJexAS9QKfk4MvU_vD6&key=AIzaSyBPAYnZHmlJnpMf-LfO8WEvsC2b7p_l_Z8,"tourist_attraction, point_of_interest, establishment",Norway,Bryggen,"Bryggen, 5003 Bergen, Norway",4.7
Valley of the Moon,OPERATIONAL,"-22.9257639,-68.2879926",https://maps.googleapis.com/maps/api/place/photo?maxwidth=400&photoreference=AWYs27x2eLgndDTG42viKe6Qc7xlBYbFoOy2dWEudgusW_rzkJI24IiXQxiT6IFFjglBzojdlmW9sBl9vgHgjzTOJrvmxEqWSCxpZSW3SXpv_BSaw5S6UugUa5SbfZ2-KMdkXKOW0kv_tOLZLfoK6EXuDqMv29ZYgvVJRQCqdIyOAM0hgP6p&key=AIzaSyBPAYnZHmlJnpMf-LfO8WEvsC2b7p_l_Z8,"tourist_attraction, point_of_interest, establishment",Chile,San Pedro de Atacama,"San Pedro de Atacama, Antofagasta, Chile",4.6
Parque Natural do Douro Internacional,OPERATIONAL,"41.26986650000001,-6.642431999999999",https://maps.googleapis.com/maps/api/place/photo?maxwidth=400&photoreference=AWYs27y4JsGqFsI7eK64V4B_439Bt8vH-4svuVcSrPPJpim1O4fBEgsKuLe2uAaaByeNC5ndEpgBU8twQzAqNLj-cma-NU2Nrb9qNYcJguJnpafQtVfxVMBnxFecn7gTXVI3Wz5iRUV9mrEVDURi43ruSKN73OesmDql1QnG3nrPXJgD3Mo&key=AIzaSyBPAYnZHmlJnpMf-LfO8WEvsC2b7p_l_Z8,"tourist_attraction, park, point_of_interest, establishment",Portugal,,Portugal,4.7
El Caracol,OPERATIONAL,"20.6792575,-88.5708002",https://maps.googleapis.com/maps/api/place/photo?maxwidth=400&photoreference=AWYs27wF4dPWNZ6TW5E2WANzZ-Lf8gdflzbrWelBjH-cokcCOHYe998BzQ03snpqIjlMOGvN_S6GBTOfbT7aaojw8sH4GG5sTsac9RdZq2iKjPDb0n1a8xdK1nLBR3ypWOUdofM2g6T4FzAHwnqqJ18muuvq8lAw9zR03pSvT1iDfHLQux_H&key=AIzaSyBPAYnZHmlJnpMf-LfO8WEvsC2b7p_l_Z8,"tourist_attraction, place_of_worship, point_of_interest, establishment",Mexico,97751 Chichén-Itzá,"97751 Chichén-Itzá, Yucatan, Mexico",4.8
Horsetail Fall,,"37.7291238,-119.6284757",https://maps.googleapis.com/maps/api/place/photo?maxwidth=400&photoreference=AWYs27xja6q4JEpYzf3LQzdxWWZoOsY99TVhNnASc3Or3rvmXNzuP7AZH4a2xdhuAUmenJ5mAny7JkPg1bOwNBubKOll8WOW-M6lYBPwW4hl8gg3qrgqK8j4DMUxZ0-DBVHfipItrzYkhtUEhvIKzJIOW6ySGNEksrmxjAAXlxBnRumcej3E&key=AIzaSyBPAYnZHmlJnpMf-LfO8WEvsC2b7p_l_Z8,"natural_feature, establishment",United States,Horsetail Fall,"Horsetail Fall, California 95389, United States",4.8
Moeraki Boulders Beach,OPERATIONAL,"-45.3452685,170.8262806",https://maps.googleapis.com/maps/api/place/photo?maxwidth=400&photoreference=AWYs27yOS0V4WrFOYyTPNA4TwkJiR0Tnak7ZmsJAOwYIy59_G3S9faoUkw3OF6NaolYYFoQszJJrXzqoIvZCycQEQH63144YlG2E6K2KENP22n8dGXdxb9ogviyD1x7EwP-gcWHoW53txVcB2pLZ-k4sDY8R2Q0bPUZGJltCsun4uFos7UxI&key=AIzaSyBPAYnZHmlJnpMf-LfO8WEvsC2b7p_l_Z8,"natural_feature, establishment",New Zealand,Moeraki Boulders Road,"Moeraki Boulders Beach, Moeraki Boulders Road, Hampden 9410, New Zealand",4.4
Alhambra,OPERATIONAL,"37.1760783,-3.5881413",https://maps.googleapis.com/maps/api/place/photo?maxwidth=400&photoreference=AWYs27wLEb7nAy2IFj7GsXhvhLaPxiyvd7HJS1zrOlZ6CNNYPOfIanEsgYqO2jf72Kgx_u_ufztUe1Q7YmN9hVNCZTcyoCzr0mf-SqwJyZtit_3i0N2l_JNOrSOa5yVQRmxLjdnZ8MIidrAuWm0yHK4XRyT0pvr67CdigTFidRLOxXu877GI&key=AIzaSyBPAYnZHmlJnpMf-LfO8WEvsC2b7p_l_Z8,"tourist_attraction, museum, point_of_interest, establishment",Spain,Centro,"C. Real de la Alhambra, s/n, Centro, 18009 Granada, Spain",4.8
Leaning Tower of Zaragoza,OPERATIONAL,"41.6549826,-0.8822165",https://maps.googleapis.com/maps/api/place/photo?maxwidth=400&photoreference=AWYs27woN9y72tzUIOhNq_NvTOq5CLpaiwFmhOfF7rCBI_o_TL0QFbyYlgqbB4sV_EO1kA1kps7UFb2k3Oq31Boi2VnCPzisR_hdnfIV2avYN1gtKBgW0V9Z1PrPLUIkFFF_HFmzSj8HtlQ5Ewug0CsVfUfXD5LLR83S4KdN_Tcdd-TM-7SW&key=AIzaSyBPAYnZHmlJnpMf-LfO8WEvsC2b7p_l_Z8,"tourist_attraction, point_of_interest, establishment",Spain,Casco Antiguo,"C. de la Torre Nueva, s/n, Casco Antiguo, 50003 Zaragoza, Spain",4.1
Dambulla Royal Cave Temple and Golden Temple,OPERATIONAL,"7.854914099999999,80.6505699",https://maps.googleapis.com/maps/api/place/photo?maxwidth=400&photoreference=AWYs27zw74fm5UweqUrJQ-BaSXZ5KZ9VtBZHpwVycQXRRwY-4tMxtQ7cADnkxHhS42p3evdWADGMAmRQOr3c2Xn2FwvwE1hmraO4ylWg7WClB_Aj-NFdgQsx8prmyvzt3iPpMh3GhJHIgFrkGWePzQKXo2YGi6X5MR1OjL6ZmiDh6MkmGMrY&key=AIzaSyBPAYnZHmlJnpMf-LfO8WEvsC2b7p_l_Z8,"tourist_attraction, place_of_worship, point_of_interest, establishment",Sri Lanka,Kandy - Jaffna Hwy,"Kandy - Jaffna Hwy, Dambulla, Sri Lanka",4.5
Fitz Roy,,"-49.271246,-73.04322599999999",https://maps.googleapis.com/maps/api/place/photo?maxwidth=400&photoreference=AWYs27zTSj2O9xgz4vWxigalFcaE08XCBNu7oHkZlJUHxfXWoAf6tvcKalFnBVYI6PhaVK_PciuQB0VIx8XPprMF_89XTziIk5Tt7cejT1y0wJykcue6EFqDPsodbFQETRLqEeE9EvC6DZLKEtSGpCTvDJ5eDsfT41dTElK7En4OkvPMjt9U&key=AIzaSyBPAYnZHmlJnpMf-LfO8WEvsC2b7p_l_Z8,"natural_feature, establishment",Fitz Roy,,Fitz Roy,4.9
The Narrows,,"37.3050051,-112.9491162",https://maps.googleapis.com/maps/api/place/photo?maxwidth=400&photoreference=AWYs27wDYfnbN2wJqDdAF5kFGBEE_Dhy3sQ1A6eaZpy4ecICH2m_TW_Anrj21r1-N0nNweCmqJu_v4_xc8StifqftBwZOXdeNlf7AcSrEx4ut53KjtiSq2X69KvZTjtMHnF7rgGk-lQpse88lofITH1otlYWepFmlrFugKVnOx-x3_40xXMU&key=AIzaSyBPAYnZHmlJnpMf-LfO8WEvsC2b7p_l_Z8,"natural_feature, establishment",USA,The Narrows,"The Narrows, Utah 84737, USA",4.9
Kaikoura Peninsula Walkway,OPERATIONAL,"-42.4232152,173.7163521",https://maps.googleapis.com/maps/api/place/photo?maxwidth=400&photoreference=AWYs27x2o7i4P8wOKp2MegJE3mKBgcoX2fcuiqpfslew0B8xL1buBCH6WDcq62YTyEo90lMmwgQ04GqYgUl8dq3QLTnopnkidCyko5-RVTKK5eh5kW0_kGwiOh3bq2WuSlw0ma84m07z-ajJKQNetZrbAnMftGzBVx4AE9AIt4wQf3xMZFQ0&key=AIzaSyBPAYnZHmlJnpMf-LfO8WEvsC2b7p_l_Z8,"park, point_of_interest, establishment",New Zealand,Kaikōura Peninsula Walkway,"Kaikōura Peninsula Walkway, Canterbury 7300, New Zealand",4.8
Tunnel View,OPERATIONAL,"37.7157987,-119.6774827",https://maps.googleapis.com/maps/api/place/photo?maxwidth=400&photoreference=AWYs27yRd_y5_FKJcBGNDFA2i_W8AYAm149zh3OqKhvNbQ1_CY-Vk2fG1uTq5C8Zhh1hvw6dmM2fjInDZaUzL1SKZwVWid-4UJMto_55Lda61ZYPnhLQgL3a9do23at_iDvXN0pskr3NxlkpkyO_9WvtDOkkxY6PBEVNP0guzcbcLAA0pGcU&key=AIzaSyBPAYnZHmlJnpMf-LfO8WEvsC2b7p_l_Z8,"point_of_interest, establishment",United States,Wawona Rd,"Wawona Rd, California 95389, United States",4.9
The Great Rift Valley View Point,OPERATIONAL,"-1.0878135,36.5835875",https://maps.googleapis.com/maps/api/place/photo?maxwidth=400&photoreference=AWYs27yKkchkLD6UdVayIYaX6OsIUfhAxAQ0g8azGG5YuJ49NfhVpjXFlsy3MXJctZyWAMVg3-5UHtZylr0a_R1GBiyG_EDuS5p1fi009kw1985SuorNbUUAWQLUW7KTCXgwcmArjuHip80e52toRIQO7QayfFlsBb10XPrRbxeKrK13j_j-&key=AIzaSyBPAYnZHmlJnpMf-LfO8WEvsC2b7p_l_Z8,"tourist_attraction, point_of_interest, establishment",Kenya,WH6M+VCG,"WH6M+VCG, B 3, Kenya",4.6
Pancake Rocks and Blowholes Track,OPERATIONAL,"-42.1154026,171.3296564",https://maps.googleapis.com/maps/api/place/photo?maxwidth=400&photoreference=AWYs27zp71TctE9B-2qNLeixvw9rjjdsDifcIUe4ZcDQxIFZCJ1gK1Rq0dwyfMd5dWw2ze1JGGGSAASIBXtJ1T5tfokCpr8gT7RKTvHtZ-Ygf7zZq4La6wbmKu7hps82s7M7IRiy2CTkmoR7O7anryQttPWOetu0vmvAKAuzLyjLzxZFpB6T&key=AIzaSyBPAYnZHmlJnpMf-LfO8WEvsC2b7p_l_Z8,"tourist_attraction, park, point_of_interest, establishment",New Zealand,4294 State Highway 6,"4294 State Highway 6, Punakaiki 7873, New Zealand",4.9
La petite saline,OPERATIONAL,"47.2364912,-61.8365969",https://maps.googleapis.com/maps/api/place/photo?maxwidth=400&photoreference=AWYs27xX_7vqwpPuRMunwZusgb2ETvulg1QPGHKi-yL5jR1SXxeNQ1O0DcKrTuMtqDskQnAAl8v0sW9egWM-jkHYmkutBp-Va0KyIMud9GH9G5aZU6h1wecoqx_sk9vtMMfM10RWaMX8na0j7d90P8NCsS5Nc5XoHSS_EPH673omSdQ0CA7X&key=AIzaSyBPAYnZHmlJnpMf-LfO8WEvsC2b7p_l_Z8,"point_of_interest, establishment",Canada,Communauté maritime des Îles-de-la-Madeleine,"969 Chem. de la Grave, Communauté maritime des Îles-de-la-Madeleine, QC G4T 9C8, Canada",5
"Valley of the Kings, Luxor",OPERATIONAL,"25.7405206,32.6016303",https://maps.googleapis.com/maps/api/place/photo?maxwidth=400&photoreference=AWYs27z2j1eFgpNTBKK7fz2_G0HPJduD1KtVZXHn0Fekg-o6deHrNcQ4tmvZdwhxg8mDi7roG8bOGWZVHoZvITzJ5-5rpm06laH0FqFUZ4b2jzSwLBRcpizGbj08YnFBIXFNme_7LY9UtA-x2SV3ruSG1a19qJJ0Ab9yGXzh3AX_BvhHcXF1&key=AIzaSyBPAYnZHmlJnpMf-LfO8WEvsC2b7p_l_Z8,"point_of_interest, establishment",Egypt,Al Qarna,"PJW4+R5, Al Qarna, Qena Governorate 1340420, Egypt",4.8
Great Zimbabwe National Monument,OPERATIONAL,"-20.271331,30.9331295",https://maps.googleapis.com/maps/api/place/photo?maxwidth=400&photoreference=AWYs27wvxcDamBVP_I04t9LzvZT7OSsCjyeZEwlBAl7VanbCdH7Dzhw2JLWfeM-nn8cXP-w7NDDocze5DTTpWUi5kKeKsI1NffuHoS5PJYmBUkN-KJiOePWug40FJeDeleLhlIl5aTyzWq_-A5_GgH8M3AFYBPeKuaSQTVIpyfYrd8zqPO39&key=AIzaSyBPAYnZHmlJnpMf-LfO8WEvsC2b7p_l_Z8,"tourist_attraction, point_of_interest, establishment",Zimbabwe,,"PWHM+F76, Zimbabwe",4.4
Bromo Tengger Semeru National Park,OPERATIONAL,"-8.0218747,112.9524384",https://maps.googleapis.com/maps/api/place/photo?maxwidth=400&photoreference=AWYs27xc2RC0qe6BdhZ-39vTmERI4Lsgbj1S9c96r-LXpfzs4AuVnBpFbK1fFxV59xcUXNmZGoycn7C9Qqin43QphiTH1l3RIcmk6m9PKb8vwC1cd9AE77NGTdiAE94qJwIW-oGxy5voJ0WKYunud-Se1z5BEvf96DT4OBmOffJby9av2DpJ&key=AIzaSyBPAYnZHmlJnpMf-LfO8WEvsC2b7p_l_Z8,"tourist_attraction, park, point_of_interest, establishment",Indonesia,Ranupani,"XXH2+7X4, Ranupani, East Java, Indonesia",4.8
Kings Canyon,OPERATIONAL,"-24.2552941,131.5700131",https://maps.googleapis.com/maps/api/place/photo?maxwidth=400&photoreference=AWYs27wXoH6Gkzh2AwTLEtXD6uDNpb3dGW4j18OVCdNQMGSDIO55jq6f6fh81ZzGo4ZRghzj6uLuaFmm81wrmGcygI_3cc57hQeCQ7HK_aOyJyLC7fwPqI2LyhcKG-CrjOxmiRWspkpHNi7MIxT7mdzXaMcGLUNM2DF-QIx-P9iQ6tZDWnWV&key=AIzaSyBPAYnZHmlJnpMf-LfO8WEvsC2b7p_l_Z8,"tourist_attraction, park, point_of_interest, establishment",Australia,,"Petermann NT 0872, Australia",4.7
Tsingy De Bemaraha National Park,OPERATIONAL,"-18.9199656,44.7943804",https://maps.googleapis.com/maps/api/place/photo?maxwidth=400&photoreference=AWYs27yu-D0n7Hd07-58Vu4qnlzuU_NCNDPJONkasXKTLjjeIhb2DPvFHIqgL7WuDBLHrr9zK2Z7mUYuCRcXToMdzC05IgkLFXl26pLbMy_rIZQrKf3Wxjm_0N5opOvjmoP6uCZWf_E9ZAKFrr2SIbg5xbsgFhN7nQs5BKK6wV_bnP5pF_N4&key=AIzaSyBPAYnZHmlJnpMf-LfO8WEvsC2b7p_l_Z8,"tourist_attraction, park, point_of_interest, establishment",Madagascar,3QJV+2Q6,"3QJV+2Q6, Begara, Madagascar",4.7
Mt. Washington State Park,OPERATIONAL,"44.269637,-71.3035118",https://maps.googleapis.com/maps/api/place/photo?maxwidth=400&photoreference=AWYs27yRrRGjnulcZTJVItTPIcWiQ4xwDcpSmpJDSjJ3oRJel4ZhHkljby3DLcacGQqtmBrm4P4Dxp0kBHVIo1qnKHVaWtTsF8MGlMmE-PrzQLjDi7qR7FNCO-c-1Bjsm-BHBAT73TNV13sDJbSwm0ue0Y1ST_nnom2P9RzsgQ6SnvIM3mus&key=AIzaSyBPAYnZHmlJnpMf-LfO8WEvsC2b7p_l_Z8,"tourist_attraction, park, point_of_interest, establishment",United States,MOUNT WASHINGTON,"1598 Mt Washington Auto Rd, MOUNT WASHINGTON, NH 03589, United States",4.9
Matterhorn Glacier,,"45.983611,7.658333",https://maps.googleapis.com/maps/api/place/photo?maxwidth=400&photoreference=AWYs27xnTc131GKA5s1gk-dyYJM3aju1zU-ynCj5-tbs7cicFXrv3EGzgHFiMF8Hj5F9Mzzpdo7QQOfH-rsD-rZ4Z7hkoipNp8VUax7EqSk6ggmZ4zPkASwOhFBGgH_skw2Gdn_heqh3wBY2aHmouKzBudoa1OiS7-2_D1J4BNbGrmDJsvVP&key=AIzaSyBPAYnZHmlJnpMf-LfO8WEvsC2b7p_l_Z8,"natural_feature, establishment",Switzerland,Matterhorn Glacier,"Matterhorn Glacier, 3920 Zermatt, Switzerland",4.8
Dome of the Rock,OPERATIONAL,"31.7780191,35.2354079",https://maps.googleapis.com/maps/api/place/photo?maxwidth=400&photoreference=AWYs27wEgcdagvpZQv1At2r0GHdXdJvf4glA1fh9D2J654GAC7o6ExpdTgAiuunSDFDUt12DUy1X5LkWG0xbgNQmen04-Eg137S-xfJ1LVrGDV-vw8XkxSM7qSthtOJ19MVUgX4kEZ-FVP5DrlC8ucp7W2OJDGXe8ZO6ea9PsuJj3f2tdapd&key=AIzaSyBPAYnZHmlJnpMf-LfO8WEvsC2b7p_l_Z8,"mosque, tourist_attraction, place_of_worship, point_of_interest, establishment",Jerusalem,,Jerusalem,4.8
Laguna Colorada,,"-22.2082719,-67.7735206",https://maps.googleapis.com/maps/api/place/photo?maxwidth=400&photoreference=AWYs27wRRlGJ_cBIUDD-basN9o8i9Hl4WO8w7eYmIdTKaIQooFwDGuwtfxvps9AysSYpilf5SDe0j1PfnroTtAmkB6SIq9HQ5747hNq1TXqfPqOPqMrCFMtMbHnOf20u-T5xaGHZh4y3seb-3u0PMeYsqmqMPTFsAzEeppgNCkXEaFpvUKze&key=AIzaSyBPAYnZHmlJnpMf-LfO8WEvsC2b7p_l_Z8,"natural_feature, establishment",Bolivia,,"Laguna Colorada, Bolivia",4.8
Stanley Park,OPERATIONAL,"49.30425839999999,-123.1442522",https://maps.googleapis.com/maps/api/place/photo?maxwidth=400&photoreference=AWYs27wjw4weoQYRFUcNYhh6yOG8cSLIJh93L4hL9OYZHYZ7a_xKHWtt5DjD_wmCofAuGkwzzZ4ZbNBvIuxnyXelPI_GQyjWD1GDeVJ9EI4eN4elunTZkZsiFTUS7OmM9HdK7zGwDOPyOC3G0vEy9V6QovXV0CFNjlqqRuEbOKe2DpbX-ERt&key=AIzaSyBPAYnZHmlJnpMf-LfO8WEvsC2b7p_l_Z8,"park, tourist_attraction, point_of_interest, establishment",Canada,Vancouver,"Vancouver, BC V6G 1Z4, Canada",4.8
Cape Reinga Lighthouse,OPERATIONAL,"-34.426809,172.6775248",https://maps.googleapis.com/maps/api/place/photo?maxwidth=400&photoreference=AWYs27yDEHL-Q8QWdUag5iRywXadBXVUX6qLC1sreAYuJhLkv27aKAhekClN5u3bLdMmHj4kdxmeqho65jv7E_siRDjSrFNR5-v_MneG7VkZQ2FJUtyS2ragyKeBBirafN_WsZMUEtzDrCzfFJU4ybXtrOoHGhnRXslfdx6pqnejP_AXXl6T&key=AIzaSyBPAYnZHmlJnpMf-LfO8WEvsC2b7p_l_Z8,"landmark, tourist_attraction, point_of_interest, establishment",New Zealand,,"Cape Reinga 0484, New Zealand",4.8
Lake Shasta Caverns National Natural Landmark,OPERATIONAL,"40.80429549999999,-122.3039955",https://maps.googleapis.com/maps/api/place/photo?maxwidth=400&photoreference=AWYs27y6l-AcYTWVr1B5q8ebXtl0BrC3j1tLdXBTD3WMGeef509kZcmRl8xqmORbX9gsgfiqgJTxcdLtm_SPFiuDlNZvncyvNULgWKH1NHx5uwpEB1dDgxQYk99bfrN7lj7oMJgIQWz7njJ6aEJlb3spUAeBXkHHrAuqNDoUkN16KYSo1lsk&key=AIzaSyBPAYnZHmlJnpMf-LfO8WEvsC2b7p_l_Z8,"tourist_attraction, museum, meal_takeaway, park, restaurant, food, point_of_interest, establishment",United States,Lakehead,"20359 Shasta Caverns Rd, Lakehead, CA 96051, United States",4.7
Sacred City of Caral,OPERATIONAL,"-10.8922984,-77.52183289999999",https://maps.googleapis.com/maps/api/place/photo?maxwidth=400&photoreference=AWYs27zJQ5xsNwo_g4PVuvPcIZuNFki0kDOl--h21Se1sIhzMToZyRAk9g6KCdJrxk0kEYejGaNxEIS14p0xl-UUUBUIUiL_JqvTRznToMXshA9gCQZKOjrY9kbmDTlrvWBx-elzFvMoTXzyn8fjkTqzb6bNXf16fpQh5hRtljstK24bIUAM&key=AIzaSyBPAYnZHmlJnpMf-LfO8WEvsC2b7p_l_Z8,"tourist_attraction, point_of_interest, establishment",Peru,Barranca,"Barranca, Supe Puerto 15161, Peru",4.6
Deadvlei,OPERATIONAL,"-24.7592732,15.2923894",https://maps.googleapis.com/maps/api/place/photo?maxwidth=400&photoreference=AWYs27wmTIda3mLhqYA7cPyMHsLgn7yTOXU9o-r6-KniUog8ZaDsASWFQssWVyqk0jxneO5k_YbCULEn40i8107CmmTnMLe9r4372UjcpthprSrA6yIMnZvF3IqmPHrWDsK36kgLL0SIoMg3M3tIOvCdgKFU5pHJ9ETfoCqMk9k2kOyOaiRq&key=AIzaSyBPAYnZHmlJnpMf-LfO8WEvsC2b7p_l_Z8,"tourist_attraction, park, point_of_interest, establishment",Namibia,67RR+7XR,"67RR+7XR, Sossusvlei, Namibia",4.9
Torres del Paine National Park,OPERATIONAL,"-50.9423262,-73.4067879",https://maps.googleapis.com/maps/api/place/photo?maxwidth=400&photoreference=AWYs27zI2MUmKQ915vmYitIEHLn-ENFmcpSWxSviOJkSka9EFXRyfNAcf9k0gDkcq2scbRoIzETpph0dlK_8QY1zLdH5oj05TF2xTzR_8Ic00wR9TXIkAJ0r6ECO1hN3b71UpF-v01dTT66MXmZsTjjPds6PPykUfcgDhubGM7dxMLADFqyf&key=AIzaSyBPAYnZHmlJnpMf-LfO8WEvsC2b7p_l_Z8,"tourist_attraction, park, point_of_interest, establishment",Chile,,"Magallanes and Chilean Antarctica, Chile",4.8
Sahara Desert,OPERATIONAL,"33.0067597,9.6072616",https://maps.googleapis.com/maps/api/place/photo?maxwidth=400&photoreference=AWYs27y2l1Bm0E0lk54S2nUJRFEMNLACdXat0IEPCP_kXluGpis51Cdv7K857-tfL9oruHlC73S4SkzUhmI21lHGPfHafqvoYfZtcqvzZbpWSY6x2JJKDBlJX9fPr-UXpSG-2BO-2Zwe60CUF0p4UqBqeV83_JbEwJ0bL3uEwJL-xzg1MNiV&key=AIzaSyBPAYnZHmlJnpMf-LfO8WEvsC2b7p_l_Z8,"point_of_interest, establishment",Tunisia,2J44+PW,"2J44+PW, Ksar Ghilane, Tunisia",4.7
Marble Caves,OPERATIONAL,"-46.6586031,-72.6275525",https://maps.googleapis.com/maps/api/place/photo?maxwidth=400&photoreference=AWYs27wMZv3F3OgGTj9yINSQG3Zx5Q1y22oGz8ImPD7H1AAag0uIwLXnAKUfKFQquTxEbqi0x_MdAwLKXrS5jXctoE6qh7TUCmDeClfi_V9UhdCOehplzSB94IvDACwy-niTiqz4zz961xIjjeByCwAqsQbw8Fym00gOheCSLcvbXELugDrH&key=AIzaSyBPAYnZHmlJnpMf-LfO8WEvsC2b7p_l_Z8,"tourist_attraction, park, point_of_interest, establishment",Chile,Chile Chico,"Chile Chico, Aysén, Chile",4.9
Mt Roraima,,"5.1315566,-60.75854880000001",https://maps.googleapis.com/maps/api/place/photo?maxwidth=400&photoreference=AWYs27xK8eK7bj4GbsT_jzow0JQZckLZboulItdylrF3Z49mtKmBPsuBh3ixgDva1f2ijPNfUn5UH40bYZYkmoxQDDaMijyuxnHjZtz4hX913peXQiIHyTotLJ6wbNzS1zKJgFgllsokOK_lHzsf89eXYQ8G9zbsBBNckWRLY5RbJM_RShpG&key=AIzaSyBPAYnZHmlJnpMf-LfO8WEvsC2b7p_l_Z8,"natural_feature, establishment",Mt Roraima,,Mt Roraima,4.7
Galata Tower,OPERATIONAL,"41.025569,28.9741286",https://maps.googleapis.com/maps/api/place/photo?maxwidth=400&photoreference=AWYs27xTtlure_oVS0IEaCRGjC8dLzJiTkQxh2lGW4pjoLFFBdBrxaCYPsUXqak-ulbaMcDbsCD6tAGD6roY2vweSDa4dG1apo1A93TmtyfjbEQ6uOXh-zBCjZwoVai_bJHFeUXWDhf1xACWWtjrHaS0O9KlTMelpHFap88RzJUC0lyWSxqK&key=AIzaSyBPAYnZHmlJnpMf-LfO8WEvsC2b7p_l_Z8,"tourist_attraction, point_of_interest, establishment",Türkiye,Bereketzade,"Bereketzade, 34421 Beyoğlu/İstanbul, Türkiye",4.6
Mt. Whitney,,"36.57849909999999,-118.29226",https://maps.googleapis.com/maps/api/place/photo?maxwidth=400&photoreference=AWYs27wzCGz8NnMFM4hYr_owwJk6Ys5GyX9WDag9XZ82aXFpexvtQwX4_DzrQgoe_tZ0NPGqpasxotUtEH34hOs2o5GeiFn5rBL_DriNF1fxrSwZpW3DZoDKRenCLgdI0zKl04wLVLL1sWmdLOKEj6NoPbCNLfZT9TOMYgdDezCNjd2E8UOQ&key=AIzaSyBPAYnZHmlJnpMf-LfO8WEvsC2b7p_l_Z8,"natural_feature, establishment",United States,Mt. Whitney,"Mt. Whitney, California, United States",4.8
Schiefer Turm St. Moritz,OPERATIONAL,"46.4997262,9.8413405",https://maps.googleapis.com/maps/api/place/photo?maxwidth=400&photoreference=AWYs27wQtG5vJ9Mr4Ys-4ie_UpavDav6Ixpe08BykySoVGBxLCGgmjgCY_d28So_cjsrKOsnYxYjVJQuccke5NT1Z-PiubGlARoD4u2pdxAa2hK265Wjb-9_eb9zgclKEMzahQA78A2SjGBv5uDPZCzugYNOJS8WcO-dZx8Pb33ueliURJyz&key=AIzaSyBPAYnZHmlJnpMf-LfO8WEvsC2b7p_l_Z8,"tourist_attraction, church, place_of_worship, point_of_interest, establishment",Switzerland,Via Maistra 1,"Via Maistra 1, 7500 St Moritz, Switzerland",4.2
Huangguoshu Waterfall,OPERATIONAL,"25.988779,105.6696598",https://maps.googleapis.com/maps/api/place/photo?maxwidth=400&photoreference=AWYs27wAuZ5LzeNUjK-kW3RNcu-VyaViGMl6TEeNyTpg7UNmsjSUWoD9yDD_jeRQ6-bAHKcxEKJZAWPhm9H_fc2MW_9ovGwcIxhHzIAKIEL2v-ekKg1Pp1v4XrL8Z961NhRVxPiSaO6-bAuz69BNWXNcSCaSnRVz8eehtO2fpw6pn0jV1ve-&key=AIzaSyBPAYnZHmlJnpMf-LfO8WEvsC2b7p_l_Z8,"tourist_attraction, point_of_interest, establishment",561022,Guizhou,"XMQ9+GV7, Zhenning Buyei and Miao Autonomous County, Anshun, Guizhou, China, 561022",4.6
Villa La Grange,OPERATIONAL,"46.20618109999999,6.1661611",https://maps.googleapis.com/maps/api/place/photo?maxwidth=400&photoreference=AWYs27wYuRrCS85ndLcLf6Z4w0c1SUPJCjNCOuBreBLxG2xTrJrjCOJtxC-co6POxZ0arQUHG12XIwQpbDmccnywSv-k5_iTvEoGLekhZWtVwxtW47RE9H9MdiqcX3F3Xbag7Bx0b9cq0cR6FU7lwtuP33NRvJj0FIp3WENAYTF_XyGrQmk&key=AIzaSyBPAYnZHmlJnpMf-LfO8WEvsC2b7p_l_Z8,"tourist_attraction, point_of_interest, establishment",Switzerland,Quai Gustave-Ador 66,"Quai Gustave-Ador 66, 1207 Genève, Switzerland",4.7
Cité de Carcassonne,OPERATIONAL,"43.2060816,2.3641961",https://maps.googleapis.com/maps/api/place/photo?maxwidth=400&photoreference=AWYs27y6D926XmR2ygmVB0sXnOhQuQyQq8GQvlJWgW5-Bmp_oFRvh6MukRib-HjHWhmxRLQH4G9ksToMR4ERra9a5pAT_lVBS28jCyQ4cQ51jffSmyJa98FfpjxXa0_5uYke_x757OnxR9kz_R9Be-TB6vykURLLUDWdOZf9O3fw95ltsQFI&key=AIzaSyBPAYnZHmlJnpMf-LfO8WEvsC2b7p_l_Z8,"tourist_attraction, point_of_interest, establishment",France,1 Rue Viollet le Duc,"1 Rue Viollet le Duc, 11000 Carcassonne, France",4.7
Silfra,OPERATIONAL,"64.25483,-21.1173895",https://maps.googleapis.com/maps/api/place/photo?maxwidth=400&photoreference=AWYs27xJHTKvsrJkuaoJ6U9-AikZAiCjKq-SJfg861b3wyZQ_QHljyZuE0cawLL5sJ1USrMyK8FWgPb9GmUZt-CxPKdhejVy5_ElLvhEyRhl8IKwJjf_fHX3_NYhyyS_oAnnebalELbsuoNR2ra5B_0G-g39u-yXgYlf4ZYSy6DGpxhwTUUF&key=AIzaSyBPAYnZHmlJnpMf-LfO8WEvsC2b7p_l_Z8,"tourist_attraction, point_of_interest, establishment",Iceland,7V3M+W2Q Thingvellir National Park,"7V3M+W2Q Thingvellir National Park, 801 Thingvellir, Iceland",4.4
Great Mosque of Djenne,OPERATIONAL,"13.905169,-4.5554155",https://maps.googleapis.com/maps/api/place/photo?maxwidth=400&photoreference=AWYs27xgIsA7Cl-05sVuxs3MuMkUlnMQXn4bwbVqCY9onm1pAzvD3PMofxyoQHoMiDI4Zp8t6N7GByzPeBJx9WqcQ2zoRyMJFXtbQQ4rYIGpVHwuJzC7TaPR0AG1bB0RWcxTPvkIblYystpCskp7NaD8-K2RikQtDRIbzbK0uHMC_d2ypJkb&key=AIzaSyBPAYnZHmlJnpMf-LfO8WEvsC2b7p_l_Z8,"mosque, tourist_attraction, place_of_worship, point_of_interest, establishment",Mali,WC4V+3R8,"WC4V+3R8, Djenne, Mali",4.5
Female Mosque,OPERATIONAL,"5.857813999999999,72.9901818",https://maps.googleapis.com/maps/api/place/photo?maxwidth=400&photoreference=AWYs27zY5iR3dhIGd37nIwvKoCPtBehuvnkA-H4k15O3BHEYsaE0Gjgy4MEVLel19HmszyYmH9bMaODXQ3aF2OVa6qttt0uDGcdY87bW7YBMICgwiVp1zVINInEPEQJ88IfTfRacFZivCZ7IL2ZdwAz7Gqy99aawEigBoNB8wRDKP99h_534&key=AIzaSyBPAYnZHmlJnpMf-LfO8WEvsC2b7p_l_Z8,"point_of_interest, establishment",Maldives,29 Chaandhany Magu,"29 Chaandhany Magu, Vaadhoo 05020, Maldives",4.8
The Wave,OPERATIONAL,"36.9959312,-112.0062592",https://maps.googleapis.com/maps/api/place/photo?maxwidth=400&photoreference=AWYs27zJiaWINXkNVTI125vT0oXIAfhIpaMXoNOkoY-JGVplT1xR2h0wEKiF_0ujk3zwm4O_XJtb3vCqcCHE6C8BY7iaXtlE5eS7Wxs3Tvy7UcAY8bi6nQAo0EIj0NvcrYhfoMFpPf53k74BCO6qBXXks0F7NWEF6_tphWAEXLBNjnA918IT&key=AIzaSyBPAYnZHmlJnpMf-LfO8WEvsC2b7p_l_Z8,"tourist_attraction, park, point_of_interest, establishment",United States,Kanab,"The Wave Trail, Kanab, AZ 84741, United States",4.7
Mendenhall Glacier (Áakʼw Tʼáak Sítʼ),OPERATIONAL,"58.44138749999999,-134.5457969",https://maps.googleapis.com/maps/api/place/photo?maxwidth=400&photoreference=AWYs27zeiKHDPc-8SQ-q3a1GcWaECfz-zrKiuwzQohXg8TLdVMmrQy7IVQOsPcObxCRcIeq1VV3GdvrmlYXRDpZyOsC_gd6AwqR-7qfwd10usItQPox6oWcA5D2rHGMse0zgPbQ8NjbM_QxfFe-PwTph_AvRex-dEl1Ejb6qkTFUBMdQUS4Q&key=AIzaSyBPAYnZHmlJnpMf-LfO8WEvsC2b7p_l_Z8,"tourist_attraction, point_of_interest, establishment",United States,Juneau,"CFR3+HM4, Juneau, AK 99801, United States",5
Nationalpark Bayerischer Wald,OPERATIONAL,"48.9880011,13.3841033",https://maps.googleapis.com/maps/api/place/photo?maxwidth=400&photoreference=AWYs27xYokHGldAyatzwccQg23xmFqq57emPXnLD0u0V-A04Oj5GDSPQxLteRkHp29CMAUl6664wASN1eDDojosvDZHM3XxpvU38LvYqJFYGEskVKAgeSgHO81CU_0fVtpKjzqvsmAttOMOC5KwmQtmfYxmR-wnB42yvq7RLwqHaG0GQqrQY&key=AIzaSyBPAYnZHmlJnpMf-LfO8WEvsC2b7p_l_Z8,"tourist_attraction, park, point_of_interest, establishment",Germany,,Germany,4.8
Fingal's Cave,OPERATIONAL,"56.4313702,-6.341385799999999",https://maps.googleapis.com/maps/api/place/photo?maxwidth=400&photoreference=AWYs27zqjGx2SxQPbVJZQDNPme8d2iCwCAHCL9T-U9Prag_WzwC1FL2zfqEWxuv11gVtWHSgA69MP2uq4qe2r7WDrZqMFKFHLwrSkSNvYvtqbndAw-KErGouRELTk0PaXej1CrUj7Hf33EF5poJ05z398B3B7AL6b8U0k-4zOa-RzafsUABt&key=AIzaSyBPAYnZHmlJnpMf-LfO8WEvsC2b7p_l_Z8,"tourist_attraction, point_of_interest, establishment",United Kingdom,,"Isle of Staffa, United Kingdom",4.9
Stirling Castle,OPERATIONAL,"56.122907,-3.9455615",https://maps.googleapis.com/maps/api/place/photo?maxwidth=400&photoreference=AWYs27zCOZuBNLa1JxeqGzerjZYMPQ3UnuBcwAijtmKsGaXGtkGedtnhTIJfBLxgFRc2A0udUHMefXsjTKXsUpG-G94s6gspOOlBmzwdxXkns38W-bT0YgEga8Y2hbgkstw190FHKPHNez7xOHCZ4tTlRgo08MIG0jvkK2q766UzjVVE_xAQ&key=AIzaSyBPAYnZHmlJnpMf-LfO8WEvsC2b7p_l_Z8,"tourist_attraction, point_of_interest, establishment",United Kingdom,Castle Wynd,"Castle Wynd, Stirling FK8 1EJ, United Kingdom",4.6
Mount Meru,OPERATIONAL,"-3.2348182,36.7632647",https://maps.googleapis.com/maps/api/place/photo?maxwidth=400&photoreference=AWYs27x7mQRd8DAG9ewwjEO5VgkkeUsVKP6zIUOmUOY7YpFQDu0rrT43FRvAX50SGuM1H5gZmR81leOhECzI3NIRvU9LT8Nco6R59du0Fnghcqr40gH3Ufqg54bZwruPp10eVzq4aVmCIGUQvgJbMVSPZRxB9o638M4FXRlpMRqHv8snB5Tk&key=AIzaSyBPAYnZHmlJnpMf-LfO8WEvsC2b7p_l_Z8,"tourist_attraction, point_of_interest, establishment",Tanzania,,"QQ87+38, Tanzania",4.8
Aletsch Glacier,,"46.4887031,8.0530777",https://maps.googleapis.com/maps/api/place/photo?maxwidth=400&photoreference=AWYs27yKY6T6ZyteDp04onRKcOT6mCeYY3vEkvwx8is_r-LomLecRCQXTk8WVCQH5Ji51GvglHQUUpCq7-U30Y7HvQU4RNeMPcTpE15HjxGpeat9iZNaSNd2r5pm_9mGve4NIT49OxOp9KnBIND4rtSs-uaPvpreeGlqmR7s45lvx664m1kz&key=AIzaSyBPAYnZHmlJnpMf-LfO8WEvsC2b7p_l_Z8,"natural_feature, establishment",Switzerland,Aletsch Glacier,"Aletsch Glacier, 3984 Fieschertal, Switzerland",4.8
Catacombs of Paris,OPERATIONAL,"48.8339119,2.3323932",https://maps.googleapis.com/maps/api/place/photo?maxwidth=400&photoreference=AWYs27wzhDyrAseC_INKJkQFiNXs2F7hfzLd3BCcG59CMGd6pL9GrjpS2WnuPhbf83Mjw8S8G8OF2OBMfDW8lI-fm46ZC95CwTbOsJw9pXmlsfQALOn_N_3pJlUSorDSRLbAkT5kyIz_ShrtNuIGoEzMSZwBY4eG2DEDpYuoE5sRTgrlykkq&key=AIzaSyBPAYnZHmlJnpMf-LfO8WEvsC2b7p_l_Z8,"tourist_attraction, cemetery, point_of_interest, establishment",France,1 Av. du Colonel Henri Rol-Tanguy,"1 Av. du Colonel Henri Rol-Tanguy, 75014 Paris, France",4.1
Placa San Juan de Gaztelugatxe,OPERATIONAL,"43.4449219,-2.7838994",https://maps.googleapis.com/maps/api/place/photo?maxwidth=400&photoreference=AWYs27whN1Erlblw0ouJ5VdSPfnV4GpLwKd7vZZ16X2sQY_0cCtVQBdfFkcVfZ9QO2YQ6HIxo9fuEBgEb7YLDnEjv4kBiZkujHla_W4R2GL7DUtWhar-5xMRzafVBYAALxB2rJ4rUEWjxJoyvBso3zFoenauk9L7Fl54QjYUPs3W9MoA_2DQ&key=AIzaSyBPAYnZHmlJnpMf-LfO8WEvsC2b7p_l_Z8,"point_of_interest, establishment",Spain,48130 Bermeo,"48130 Bermeo, Biscay, Spain",4.5
Wulingyuan Scenic Area,OPERATIONAL,"29.335749,110.481305",https://maps.googleapis.com/maps/api/place/photo?maxwidth=400&photoreference=AWYs27yjxTpFSeX1WfCoc1DIS9nT1Bq433jiqHwUTRlCZV79wFnwwzRPnMU1rwYioPOnBR1SfcPzclwGqE0C_BSIa5o40XVkHP5LAUNOOOusYGMJHl0mLd3Hpj6tA_8FyZRZv8Xpl-tUR3FpNqTsD4bJpARvGJ-YX9z7zivcqqZJ7q3mt8Bx&key=AIzaSyBPAYnZHmlJnpMf-LfO8WEvsC2b7p_l_Z8,"tourist_attraction, point_of_interest, establishment",军地坪,Zhangjiajie,"China, Hunan, Zhangjiajie, Wulingyuan District, 军地坪",4.5
Kronborg Castle,OPERATIONAL,"56.039332,12.621799",https://maps.googleapis.com/maps/api/place/photo?maxwidth=400&photoreference=AWYs27xDFtsMwiZ1DLut9pWdX8pfyIdjte7oFcSD_divqtSWZCCJojJYoKFnmH10Pj-qAZfhD2b99BEAl1z-9xvMDmmXRMgx9XFyXxUSLEHhRHsgKVdLLoGCby-x1qnUQPMgsYnx4xSnMRWptFv7VLM1D_Eux1-AsgZdgkijhBcJFxeOq_b3&key=AIzaSyBPAYnZHmlJnpMf-LfO8WEvsC2b7p_l_Z8,"tourist_attraction, museum, point_of_interest, establishment",Denmark,Kronborg,"Kronborg, 3000 Helsingør, Denmark",4.6
Glenfinnan Monument - National Trust for Scotland,OPERATIONAL,"56.8692243,-5.4370512",https://maps.googleapis.com/maps/api/place/photo?maxwidth=400&photoreference=AWYs27yrOfh1L0mriaQDAEdqaAX5J1CNmcTgGu61bdPsPoAkWqzhv7qq7pdZMH2HxtVbCiSswbo35Gk15Ok1TDr-4FgkyjGXnSF5x2CENkTjiasIz1sm85WyW0W32mmfQtLrExT2vdQF6d-xuu4RuuSCR7tdDK7O2nB258CWitC-U9fVFtW3&key=AIzaSyBPAYnZHmlJnpMf-LfO8WEvsC2b7p_l_Z8,"tourist_attraction, park, point_of_interest, establishment",United Kingdom,Glenfinnan,"Glenfinnan, Lochaber PH37 4LT, United Kingdom",4.5
Chittorgarh Fort,OPERATIONAL,"24.8839686,74.6473548",https://maps.googleapis.com/maps/api/place/photo?maxwidth=400&photoreference=AWYs27wPPydzmkKTOtt_I1e-I3uOIni_oSb32X-EEWpAcPlBSlKZ0wdCSbtCCupYy5t5mo7lUm3cPFK0YthlOif1_Y0biSsIAl5zyE-xti3UjHhLXedlCq4rfvSz7T6G273SqevbP8hSObc0vUX_ahV45Vx03SVxddWSC-iEcYzmA3AjwBuX&key=AIzaSyBPAYnZHmlJnpMf-LfO8WEvsC2b7p_l_Z8,"tourist_attraction, point_of_interest, establishment",India,Chittorgarh,"Chittorgarh, Rajasthan 312001, India",4.6
Royal Mile,OPERATIONAL,"55.9501093,-3.188021",https://maps.googleapis.com/maps/api/place/photo?maxwidth=400&photoreference=AWYs27wBBkMdOq-t6s4rv5lG9EGzJc-Lk5N5o9iZr3oj71rXTiUwyfUuKUHEUZ6RFKMTAqfyJ5FCgD2-qR7qfTl1Ayx45HzySiipoqp04ibaIsA3BY61xUQ2flAep-UQ7_48vwLvYTg3nyeVec7HULVZNem89yNpdtrU4bHwhJpcdcPITpP_&key=AIzaSyBPAYnZHmlJnpMf-LfO8WEvsC2b7p_l_Z8,"tourist_attraction, point_of_interest, establishment",United Kingdom,,"Edinburgh EH1 1QS, United Kingdom",4.7
Thingvellir National Park,OPERATIONAL,"64.2821725,-21.0764492",https://maps.googleapis.com/maps/api/place/photo?maxwidth=400&photoreference=AWYs27zSG1jgIGVFjvhSmuhQr65w1jHk6RDEjBVwQvMIt_kCr0pPv5N0ISrxYVPlbk9WOGvoj5XEXO86LE3PiYgpaWFGRyFUqSwMNAKaqi7UbjrUGmzDUuNsK-Z1q2kKfZIKshFJ_AOgnKFUPF9_VOxiHBo51d2ki4HpSQSPr6-Jq4-5ZIF7&key=AIzaSyBPAYnZHmlJnpMf-LfO8WEvsC2b7p_l_Z8,"tourist_attraction, park, point_of_interest, establishment",Iceland,,"806 Selfoss, Iceland",4.7
Omni Mount Washington Resort & Spa,OPERATIONAL,"44.2573768,-71.4395591",https://maps.googleapis.com/maps/api/place/photo?maxwidth=400&photoreference=AWYs27wV5NPj6vbOHsOaked7P_3xGZfp3bMJi6mc1YkDiP_ufGBPFoWJuxoZrM5-PTCe3GgSZuXmGpUS8u840zJ3rDFDurLajT_hoc4xF66k1g-vWy9sCqJmSZ868otEDDEk03h2b2rlzBws_RLUM9JpJ0ezmuqocxXbO4tWHDdd8cNgWf4M&key=AIzaSyBPAYnZHmlJnpMf-LfO8WEvsC2b7p_l_Z8,"tourist_attraction, spa, lodging, restaurant, food, point_of_interest, establishment",United States,Bretton Woods,"310 Mount Washington Hotel Rd, Bretton Woods, NH 03575, United States",4.5
Cairo Citadel,OPERATIONAL,"30.0287457,31.2597144",https://maps.googleapis.com/maps/api/place/photo?maxwidth=400&photoreference=AWYs27xCEO5BMXTArtHeM_R8FAzrb9O8ULx6J4py2FRiQ1NlPlj2rpLBzs1oHT60MhloLUkRT3VcXjr6NVbWyz0X2uQLrMjpJan_ud9Jud_E8n_Yi74hewkzImwOHuOGfJSjpmmb4pR_-onromjaDtRT8toGcrtenVDFRUmwrvE1Q8DAutE9&key=AIzaSyBPAYnZHmlJnpMf-LfO8WEvsC2b7p_l_Z8,"tourist_attraction, point_of_interest, establishment",Egypt,El Khalifa,"Al Abageyah, El Khalifa, Cairo Governorate 4252360, Egypt",4.6
Rudaki Park,OPERATIONAL,"38.5762565,68.7836305",https://maps.googleapis.com/maps/api/place/photo?maxwidth=400&photoreference=AWYs27z5eWdJg-O0NuZOOqkgaldT0cOXML5LChlDNVkI7mjOL8ZlzWbUKJxK0QE0XdaMUAAbeKjtiPEd6rCrKoWxTp7CpbGQ-nc546-Vc4U4PwARvbPoM8xVU5mjsOZufek_eepNIzR1Mbkh6LfswOyTzI5M1NFI43b0d7jm6j3Nnpsohc53&key=AIzaSyBPAYnZHmlJnpMf-LfO8WEvsC2b7p_l_Z8,"park, tourist_attraction, point_of_interest, establishment",Tajikistan,Rudaki Avenue,"Rudaki Avenue, Dushanbe, Tajikistan",4.6
Black Hills National Forest,OPERATIONAL,"44.01404429999999,-103.8564085",https://maps.googleapis.com/maps/api/place/photo?maxwidth=400&photoreference=AWYs27zVF-4eickr7WppAvKxPPv0f6_lShIXghftD40WoQd622DkcEC51C4DDXG6q4kDh2wl3PFajpUePHhECGOF6UPnPnaI8VvNANSQ4geT3g6CDyjsfPUM4O7-1iqn3yZo5Vo0be1qfBOhcyP8-1camTzX4pFRlxmYX1dNqZeAvfn96wEb&key=AIzaSyBPAYnZHmlJnpMf-LfO8WEvsC2b7p_l_Z8,"tourist_attraction, park, point_of_interest, establishment",United States,Custer,"Custer, SD 57730, United States",4.8
Arashiyama Bamboo Forest,OPERATIONAL,"35.0168187,135.6713013",https://maps.googleapis.com/maps/api/place/photo?maxwidth=400&photoreference=AWYs27xGihYxSOJ5d69tkBXFETF4kdwCEdp4zvLKQH7XyBdqNqhBAt24BHLvDOYPGzcXOW4jPnloASBEZZTB36iIQqZDjqV_fPf8LnysmqXJB6EI9RqZ0k3yxSA1XwIDVpvpjlVmHhXjetZub9ts6XCor8mDd1Kul0hzbNuR-tgO1z4ToCAt&key=AIzaSyBPAYnZHmlJnpMf-LfO8WEvsC2b7p_l_Z8,"tourist_attraction, park, point_of_interest, establishment",Japan,Kyoto,"Sagaogurayama Tabuchiyamacho, Ukyo Ward, Kyoto, 616-8394, Japan",4.3
Uluṟu-Kata Tjuṯa National Park,OPERATIONAL,"-25.3437797,131.0346514",https://maps.googleapis.com/maps/api/place/photo?maxwidth=400&photoreference=AWYs27yN7iM8wb7P9bjHSxAf5ZAsWRJ36B8MF5IdueVjDK2M_aaWA1gMn7X1LMH1Isvdg7EUV3i3FICkluaa1_4lvp4TATYTDNPSCgqYmW4FaqnnT93sR4g6ZF_TB3RyOwQF2bOSJJSGHCdTNHY2cj6cGmaSfpBE6SahInjKjRPEQvRwNHWE&key=AIzaSyBPAYnZHmlJnpMf-LfO8WEvsC2b7p_l_Z8,"tourist_attraction, park, point_of_interest, establishment",Australia,Lasseter Hwy,"Lasseter Hwy, Uluru NT 0872, Australia",4.8
Panoramic Viewpoint - Hallstatt Skywalk,OPERATIONAL,"47.5613198,13.6436144",https://maps.googleapis.com/maps/api/place/photo?maxwidth=400&photoreference=AWYs27wLa1owEhMcR6EzBfNFtJBU1Mbw20zyplxN0nFp2dphTqSmk1OfaTt3XlODkmMrRoM2XfVLoagKXbHuHe7_D1uFdQTlRFfLf8XwHlP31pEy1zrvfzy8yjQD7z1Sswrq5MJCi3MWp9ifrjcOb05HoQLbOYgy23de-DWfcln6JlQgu9QI&key=AIzaSyBPAYnZHmlJnpMf-LfO8WEvsC2b7p_l_Z8,"point_of_interest, establishment",Austria,Salzbergstraße 21,"Salzbergstraße 21, 4830 Hallstatt, Austria",4.8
Whitehaven Beach,OPERATIONAL,"-20.2823395,149.0379766",https://maps.googleapis.com/maps/api/place/photo?maxwidth=400&photoreference=AWYs27zfJSLmNivH176PSTd049tf9ItuAN135-uMTdNHMAA7Lg-s1Un_OBYUJ5CDwkWNPWBt5_ymPudTOjVgqoJGFJktZ_EVzjXPNlAIHd9ZQm62xYZ_-E34paw2e3lFUMuJKSCtXm7Ve6g307eEZatwdtZ7cmYmqyaACmUa068sx7JTAc5V&key=AIzaSyBPAYnZHmlJnpMf-LfO8WEvsC2b7p_l_Z8,"point_of_interest, establishment",Australia,,"Whitsundays QLD 4802, Australia",5
Rovan' Ambohimanga,OPERATIONAL,"-18.7604491,47.56227759999999",https://maps.googleapis.com/maps/api/place/photo?maxwidth=400&photoreference=AWYs27y7ljO--JU_Wat4OuPCV1hq7gWv_9jgsJnKq6HntFRsyRD_JblTPd9HJUWwfc1NdU9UaOAXqIT5U_SHRinthr3bQlVE2NAyEbjc0XerqnZFjt84pwROJQ_9JcdHRmLLD8BqbXnYn5YWQLYPHunk29y5Gno2rRbgmM4MqI7ohLGGuAqu&key=AIzaSyBPAYnZHmlJnpMf-LfO8WEvsC2b7p_l_Z8,"point_of_interest, establishment",Madagascar,Ambohimanga Rova,"Rova, Ambohimanga Rova, Antananarivo 103, Madagascar",4.3
Daintree Rainforest,OPERATIONAL,"-16.1700308,145.4184612",https://maps.googleapis.com/maps/api/place/photo?maxwidth=400&photoreference=AWYs27yZUIkShA4q2GT4nsNsyXtmAUZ4pKI2nRVet4zY_umfUcADbEOBf23y2uh0kzy0zHXRP-dqZOzI7C98dsy1lBBHzGBn0p-NJtuLQ7dlrXQ4Z2pR2FMfG1fKqy7gcbxVuKaO4GL4Cz3yIEqKxAh5SCbGV5y2v-9k4sYGbcLKfnIFotYy&key=AIzaSyBPAYnZHmlJnpMf-LfO8WEvsC2b7p_l_Z8,"tourist_attraction, park, point_of_interest, establishment",Australia,2333 Cape Tribulation Rd,"2333 Cape Tribulation Rd, Cape Tribulation QLD 4873, Australia",4.7
Mont Saint-Michel,OPERATIONAL,"48.6361043,-1.511244",https://maps.googleapis.com/maps/api/place/photo?maxwidth=400&photoreference=AWYs27yMzBaUE_nnAZXEQomPsaC2V0fd62dm0s-2Ai6_aJsWQTQFbelG_KTcxBd65fb34sXfmnvdNQaFKlqkLRPYuWesAZsCZ3pTRl4n6f1X33At2QyBRn5UI0jpEMvO3ATHRseStUm75bpD3qHYyuL14Mu2WMFSyuxdJNdavSgTX3Ps8CGS&key=AIzaSyBPAYnZHmlJnpMf-LfO8WEvsC2b7p_l_Z8,"tourist_attraction, point_of_interest, establishment",France,L'Abbaye,"L'Abbaye, 50170 Le Mont-Saint-Michel, France",4.6
Yehliu Geopark,OPERATIONAL,"25.2063972,121.6904658",https://maps.googleapis.com/maps/api/place/photo?maxwidth=400&photoreference=AWYs27zHfJZwCma3d2-NRiDo1eRw0dogny2tqE49qvIB6d64tUCsymM3d_zhg7wMs6oLM5opSWEQy3Ry_GYVFwqcNtj8pgzHdL4ywjsnauXach60DCI7Nn9LlXwBmBGbgMzBgLIruIhA6SRTBwO54vWOyKfrCbWbYGE4fBq2prPjl4fdKmc7&key=AIzaSyBPAYnZHmlJnpMf-LfO8WEvsC2b7p_l_Z8,"tourist_attraction, park, point_of_interest, establishment",港東路167-1號,New Taipei City,"20744, Taiwan, New Taipei City, Wanli District, 港東路167-1號",4.4
Cathedral Rock,,"34.8200185,-111.7932108",https://maps.googleapis.com/maps/api/place/photo?maxwidth=400&photoreference=AWYs27xHwsnsTjgkMcAbQd1CYIAQRIomVsVjhS_mvWgwG2QSUv8GbtW6nC5zc2tXq6wZ9MggqLwBHK4QFhXU2IqJiU1ufg42b05_kLQguRarAhtZzcZ4ABTCD1LsFI1KZ-9tjEdonY8Ms3zc4aFW3rjUplCtC_QwjiwwkYhPm-Jo5pundML2&key=AIzaSyBPAYnZHmlJnpMf-LfO8WEvsC2b7p_l_Z8,"natural_feature, establishment",United States,Cathedral Rock,"Cathedral Rock, Arizona 86351, United States",4.8
Aoraki/Mount Cook National Park,OPERATIONAL,"-43.59465369999999,170.2623985",https://maps.googleapis.com/maps/api/place/photo?maxwidth=400&photoreference=AWYs27yO_DJRBYu3NQPqTCsrYQL19wL7edeUeFn4Gnqa66iiy5YzyW-3cYTOMMFoEzOu9OaNwfD1erG3Tqm9ZoS3ds6P7m-JSrBWJp0p5UgyRCyJ3CwnH3FKSnQkKpoue33urWAVLKJhudTvAcF8Ht1AUFNvO-K7Dv-vmHdpzgPTHdG5VmTB&key=AIzaSyBPAYnZHmlJnpMf-LfO8WEvsC2b7p_l_Z8,"tourist_attraction, park, point_of_interest, establishment",New Zealand,,"Canterbury 7999, New Zealand",4.8
Hells Canyon Archeological District,OPERATIONAL,"45.0942122,-116.7821913",,"point_of_interest, establishment",United States,Council,"Hells Canyon Rd, Council, ID 83612, United States",5
The Pinnacles Desert,OPERATIONAL,"-30.591275,115.1581522",https://maps.googleapis.com/maps/api/place/photo?maxwidth=400&photoreference=AWYs27wJUGS8E2Ko1USfHg1jR-UuZeY3YefIiIwMwsIiaOFgeZAJCrxU1Z65i9UQDyJhtq7QSJuJhz8cTJUoN1bDAF7qPbG2qTZQyzQ4Te2hoVA-qGDK7O0tlajn_P6GQ1LYwn99_hex2uRYrrQlAxxaYgn-UmZfEvTUI56o8QnY5vAWmEjr&key=AIzaSyBPAYnZHmlJnpMf-LfO8WEvsC2b7p_l_Z8,"tourist_attraction, park, point_of_interest, establishment",Australia,,"Nambung WA 6521, Australia",4.7
K2 Base Camp,OPERATIONAL,"35.3246875,75.5509375",https://maps.googleapis.com/maps/api/place/photo?maxwidth=400&photoreference=AWYs27xRrGb5ZdA3Sz3zPypUjNXMUC9OrIiRXCECxnoPvsnreEGMy2z8-skiLKFOXhv7rLOwkTJi-UNOc6OHrD96YPTbmbJMZcjYubJrACSFLH_P-xWr22NvAap_JYlpgVqzbumgfzvu3Cb_XYNiIKh-YUDuzuS0SN7qSU37SHgatbS0JpGr&key=AIzaSyBPAYnZHmlJnpMf-LfO8WEvsC2b7p_l_Z8,"tourist_attraction, point_of_interest, establishment",16100,Hassan General Store,"Hussaini Chowk, Star Market, Hassan General Store, Skardu, 16100",4.6
Victoria Memorial,OPERATIONAL,"22.5448082,88.3425578",https://maps.googleapis.com/maps/api/place/photo?maxwidth=400&photoreference=AWYs27y8uZia44pxar5vkafvLT6FqZqhu1y3esEAIQDKaP9aioVZnGhbMJeU0TSk9RCiwHPR2J4tG-pYotEsHgKHV7mIuM8vGqrbOJmv7hQafeawMoEL8ChOp2dMaY-eA6jcY934gl0v_sTYBCthRkjoazxJQKqxbriyHNN8429mmvDCJN-T&key=AIzaSyBPAYnZHmlJnpMf-LfO8WEvsC2b7p_l_Z8,"museum, tourist_attraction, point_of_interest, establishment",India,Kolkata,"Victoria Memorial Hall, 1, Queens Way, Maidan, Kolkata, West Bengal 700071, India",4.6
Landmark Marina Hotel,OPERATIONAL,"7.3383391,134.4669485",https://maps.googleapis.com/maps/api/place/photo?maxwidth=400&photoreference=AWYs27zn176ZOV0sf1-Vh0VpDRsORvGHWuiUnlftQujO0zhaZW5gPtdSDNrzodsdzpiZEZsoMOAxM4MVfuq3066uxowtv-fNNccsyX9PfcKEGmLQWDi2DM6P-fLZ8Z5RnqrA1KWZG8ZgDTgLYyMADNCbiEbN6AJXbMTzR5a13gCOPoOzazOQ&key=AIzaSyBPAYnZHmlJnpMf-LfO8WEvsC2b7p_l_Z8,"lodging, point_of_interest, establishment",Palau,8FQ8+8QP,"8FQ8+8QP, Koror, Palau",4.2
Puy de Dôme,OPERATIONAL,"45.7722329,2.9653725",https://maps.googleapis.com/maps/api/place/photo?maxwidth=400&photoreference=AWYs27wj0P-JUil2DZkg_m2QQdKns4Odc976R9ebTlABiK7PbrEuzJ6t0jlgxvteODSXGOpSysezyE5ZIb-hhmCqMxDnq5xN-WwniREuEEIgljYb05gFcydqdbaBSKvGCH6n88QqKN6rWMij8T1WhBuhRVaUBVGlEPk_Y6mfwV8_Wi_Nm-qn&key=AIzaSyBPAYnZHmlJnpMf-LfO8WEvsC2b7p_l_Z8,"point_of_interest, establishment",France,2 Sommet du,"2 Sommet du, 63870 Orcines, France",4.8
360 View of Drina River House,OPERATIONAL,"43.9848163,19.5678902",https://maps.googleapis.com/maps/api/place/photo?maxwidth=400&photoreference=AWYs27xdWCH9sQlvm4VdcYuGdUYpi_pd_NcHNt6DJr_jaVj-8EgEuSU5dqrPdPe5cUVHE_tLbj25CjGWAfx8GBFXwiCebB6stj0zaZE7NvPMxtd8bZChUasAZelcQq25Zu1sr6vCK1huZeAYstmGS5BNbRKCyWVn2lXN7ikr28e8Vo9Ne55e&key=AIzaSyBPAYnZHmlJnpMf-LfO8WEvsC2b7p_l_Z8,"museum, point_of_interest, establishment",Serbia,145 MILENKA TOPALOVIĆA,"145 MILENKA TOPALOVIĆA, 31250, Serbia",4.9
Tatev Monastery,OPERATIONAL,"39.3793088,46.250288",https://maps.googleapis.com/maps/api/place/photo?maxwidth=400&photoreference=AWYs27yFlUuR7NxyyhPESfJzZpDpa4zisp19AJFEN1fTqtmZzi8K8v7AIf1DLPKRXzPqw0QPwBah6VQl8-hgSyvwENV9j1SOVOXfeW76RV7FtegMLNUDAZ7iE_1b5qdlImXvHgY3NcyoVFW-xgLM-ne79UswBgtg52W1OGoxftPMvtRbVNgW&key=AIzaSyBPAYnZHmlJnpMf-LfO8WEvsC2b7p_l_Z8,"school, point_of_interest, establishment",Armenia,H45,"H45, Tatev 3218, Armenia",4.9
Jökulsárlón Glacier Lagoon Boat Tours and Cafe,OPERATIONAL,"64.04854929999999,-16.1792735",https://maps.googleapis.com/maps/api/place/photo?maxwidth=400&photoreference=AWYs27z5NLWpb3NHnGWvu2f_0q7uSlB72I7tUBtWkLuWGovg4QydC5hOIIsoByIrdE3kcuxuvKni3l5kHRfginDcC8Y5xBVO2hT9n9Ot0uYEuauhOHmXUfOAlH0takxnmQnKkezY0ymI3MonSRwOTCDo_Qkw3oqWSkbs5TzCxtUmR8mZu0dX&key=AIzaSyBPAYnZHmlJnpMf-LfO8WEvsC2b7p_l_Z8,"tourist_attraction, point_of_interest, establishment",Iceland,Jökulsárlón,"Jökulsárlón, 781 Höfn í Hornafirði, Iceland",4.8
White Sands National Park,OPERATIONAL,"32.7872403,-106.3256816",https://maps.googleapis.com/maps/api/place/photo?maxwidth=400&photoreference=AWYs27xE2JxPEg1uoLpZvxMYq0REWw5niXLxZAbzdJc4IG3Hx3T1_qhgek3K_a7VQBJEAFfSx6gqulxm51ytUZ8CAhP3DR8agHp8668HC_Nh2qBZyL-MXNrjzVDSroERacIFinz142_H6x5OBd5HP10oktTt_wQd71ksS2Gz8GgYEHz8A2Mf&key=AIzaSyBPAYnZHmlJnpMf-LfO8WEvsC2b7p_l_Z8,"tourist_attraction, park, point_of_interest, establishment",United States,,"New Mexico, United States",4.8
Gazebo at Cliffs at Princeville,OPERATIONAL,"22.2281971,-159.4802295",https://maps.googleapis.com/maps/api/place/photo?maxwidth=400&photoreference=AWYs27yQ1bkeRKSf5I8iTPMO_WZmL2oqMZiuQZ6aGzXDqF_ma7IbQeiecrCESV_0C9tA_G2DX6mraSfvRnPCgTMmcbChH27rPmKZycFkTlSYQOJ6ZcJGuwo883KaHk4DL-nSHmsfWTxxHY1KEJKQz52iSuQ02onQApVrjX_pOoOchvXCmZKi&key=AIzaSyBPAYnZHmlJnpMf-LfO8WEvsC2b7p_l_Z8,"point_of_interest, establishment",United States,Princeville,"Princeville, HI 96722, United States",4.8
Jotunheimen National Park,OPERATIONAL,"61.55359190000001,8.4842061",https://maps.googleapis.com/maps/api/place/photo?maxwidth=400&photoreference=AWYs27ze2yPk-rtBj-T9nlUXYItndKV4_bA10LD4cgthHgzilAhQ79_vpOOMWYxOuwu9Bt7HisBGJAqHeTUQTBjl07qNNFWqZ0I9j2IxdeNvVQ_CaNa_70CM_vDR6EzoXQdzf35YtaoLUVwrysqci1JUck-c26_sMGr7pcyw6LwuhZkQQGYm&key=AIzaSyBPAYnZHmlJnpMf-LfO8WEvsC2b7p_l_Z8,"tourist_attraction, park, point_of_interest, establishment",Norway,,Norway,4.9
The Burren,OPERATIONAL,"53.0695813,-9.3544138",https://maps.googleapis.com/maps/api/place/photo?maxwidth=400&photoreference=AWYs27xBGUEdj3xhfkSWPGAwqCvSYGnuudWjb5RF9LhbMsKDv45q1ajynGAFrt3zSqDTVblN-xxgPvOmB1QoegRpJIsd47YcIPkoaw8BlOcTtQaXLUl4RtdCW1B6jYl42akNaHS8d_mk4-Avwk76Gd52ZMQ-C36xIu4q1g0MBqaxoi-TpfLJ&key=AIzaSyBPAYnZHmlJnpMf-LfO8WEvsC2b7p_l_Z8,"tourist_attraction, park, point_of_interest, establishment",Ireland,Ballyryan,"Ballyryan, Co. Clare, Ireland",4.8
Chiesa di Santa Maddalena,OPERATIONAL,"46.6447027,11.7194319",https://maps.googleapis.com/maps/api/place/photo?maxwidth=400&photoreference=AWYs27zR-VePNr4DV6KJEcYoZhJ_MszPJWSuUg-mvREb8BPnS9RJ--32frt4e4QF1YLJLc983jdOA4YXzhBQnv1j7CSFw5y582pK0Y0TRJfRnFyR3VEgEugXay27GiD6hjxnL_ZWBJXJ2Cf4NKfbFIj2ePKHXb7xisEGwRXLlPyx9N1h6Im7&key=AIzaSyBPAYnZHmlJnpMf-LfO8WEvsC2b7p_l_Z8,"tourist_attraction, church, place_of_worship, point_of_interest, establishment",Italy,48,"Frazione Santamaddalena Alta, 48, 39040 Funes BZ, Italy",4.7
"Rock-Hewn Churches, Lalibela",OPERATIONAL,"12.0331956,39.04338509999999",https://maps.googleapis.com/maps/api/place/photo?maxwidth=400&photoreference=AWYs27wN_TMxPfiNSRtwhbKRIl-UaiCpdMmPUQBvmMi2mKweqvQBJs75KB8ao7H-l7YjqoYuOgtXgsMDaTvFxIb1VksIwUaYTMLZD7vssXa40afLAKhUZfnmoXXCb1TO49E1_VNjhcfHV-b25UKY3Q0Q2FuN77sfVbxjDD98nK7qdtt5A8QD&key=AIzaSyBPAYnZHmlJnpMf-LfO8WEvsC2b7p_l_Z8,"museum, point_of_interest, establishment",Ethiopia,Unnamed Road,"22MV+79C, Unnamed Road, Lalibela, Ethiopia",4.5
Diocletian's Palace,OPERATIONAL,"43.5082646,16.4401754",https://maps.googleapis.com/maps/api/place/photo?maxwidth=400&photoreference=AWYs27yevOGlvMrCcdB1JQMgjtYSd2AyCE4dfiXTOpgHfK9q8qAo8irWgGWkwYxUJ0nIcgm7AD-OKY321kVNygIFHeJzryT5QeM3o4IV47IuylMRhTV6n8f631sIsuiWlXFcZBAptMb-1o4_CBNpcmqQe5Bihc8_VtR-fDK5FD_I2k6tJEw6&key=AIzaSyBPAYnZHmlJnpMf-LfO8WEvsC2b7p_l_Z8,"tourist_attraction, museum, point_of_interest, establishment",Croatia,Grad,"21000, Grad, Split, Croatia",4.7
Mt Nebo Memorial,OPERATIONAL,"31.768048,35.72575150000001",https://maps.googleapis.com/maps/api/place/photo?maxwidth=400&photoreference=AWYs27xZaKFS1aPLmLB8KDWk6uV0cYOIwviCOiGDYjaTQI_heGd4AFwlrCMDIzr_8d9OaIUqiiZGCHxPQWuV38C333ZyR0mGMnKa09DvNF0uQsaqfoSLgekmJh5_HRh07COnJZYzGMrpfj7PPA60rhxa9ZmRodNFhnBwbqXcnN0m6F9fH5Mw&key=AIzaSyBPAYnZHmlJnpMf-LfO8WEvsC2b7p_l_Z8,"place_of_worship, point_of_interest, establishment",Jordan,QP9G+686,"QP9G+686, Khirbet al-Mukhayyat, Jordan",4.6
Puente Nuevo. Centro de Interpretación,OPERATIONAL,"36.740838,-5.1659617",https://maps.googleapis.com/maps/api/place/photo?maxwidth=400&photoreference=AWYs27y7vgHI_7LTS-pIpMqt2nn7Kd2iTSR2Cb1YwZHXtOTpDij70guVs9_keVKwo5txTJc7GGks911_gylrn0yLWNS8LUnOMMaWsmrYZLdSUIHsmZAf-7_r6eS-FQKGip-qJE_a28X4OKLaV8ynYi32WouSEKWhz8Fj_AGI631w2tHHODyd&key=AIzaSyBPAYnZHmlJnpMf-LfO8WEvsC2b7p_l_Z8,"tourist_attraction, point_of_interest, establishment",Spain,29400 Ronda,"Pl. España, s/n, 29400 Ronda, Málaga, Spain",4.7
Cades Cove,,"35.5942598,-83.84184809999999",https://maps.googleapis.com/maps/api/place/photo?maxwidth=400&photoreference=AWYs27yy82UiJh6cV18J29tbihbiFVyJX3gOL3QEelyKAfrl2qpslKN1HjQSybvniVMuVChSG6fXkC_q5BPUNoafO4pFB8POWw9VY3hpriPSWtNb3TL2ujnLKbTodK8KkTD1NGuXp0Oh88iWE13mN_jXNLvjW5sAtHdMiu9atAxKcvBerZiC&key=AIzaSyBPAYnZHmlJnpMf-LfO8WEvsC2b7p_l_Z8,"natural_feature, establishment",USA,Cades Cove,"Cades Cove, Tennessee 37882, USA",4.7
Rialto Beach,OPERATIONAL,"47.9196047,-124.6383208",https://maps.googleapis.com/maps/api/place/photo?maxwidth=400&photoreference=AWYs27zdNADIkE1d1CbQdFTa8dxSIQFDNkGxEf_Y-QupnwG1sW_jtv4xILC5K4zAQASo0Q3rrmTGa71-5ggKZ98WxrQzYKmJRkvYwdwiszMgEbNB3zUwdPFVxq_yvOfABNNvVvqtOxbOl9JiOQ3MG8m7RE6EBfu5We3PMgFI6yPDQSJEdlPI&key=AIzaSyBPAYnZHmlJnpMf-LfO8WEvsC2b7p_l_Z8,"natural_feature, establishment",United States,Forks,"Rialto Beach, Mora Rd, Forks, WA 98350, United States",4.8
Parque Nacional Natural Tayrona,OPERATIONAL,"11.3064409,-74.0657561",https://maps.googleapis.com/maps/api/place/photo?maxwidth=400&photoreference=AWYs27wy6Vc0CdfbHBvAL8oygUaIBnFSJnC0T5PvEy6uVhjaHtX_m_Weix0PkMcndKtv3D0w1DD8lHGnee1t2y2TDSB81sHmqBLV94uztl56lRAIJRyjhjrGRa6YxtdZZfE4mXhPqEuIrYt7AIg6DRNo_Pq3q71KeCG8y1Kel1Rnm1A3rTUy&key=AIzaSyBPAYnZHmlJnpMf-LfO8WEvsC2b7p_l_Z8,"tourist_attraction, park, point_of_interest, establishment",Colombia,,"Magdalena, Colombia",4.7
Idaho Historical Marker #172 Shoshone Falls,OPERATIONAL,"42.5983938,-114.4546994",https://maps.googleapis.com/maps/api/place/photo?maxwidth=400&photoreference=AWYs27y3onf_FOVcDFN80PWjdh7oYiWAFdwwRjcbd-uY_anIjszwbaYqgyVbLOiQ1Xnyn5tDum010EHS8WxUhcYUIhG6eWXyFED4msL6s68NGbgS78ibKg_B8ZRzJWQuPrKBJiPlJZwpcDut7MRo4N_SE3_JaalNPLDa2TozMhXsxSdNQj_1&key=AIzaSyBPAYnZHmlJnpMf-LfO8WEvsC2b7p_l_Z8,"point_of_interest, establishment",United States,Twin Falls,"Twin Falls, ID 83301, United States",5
Mount Taranaki,OPERATIONAL,"-39.2967702,174.0633993",https://maps.googleapis.com/maps/api/place/photo?maxwidth=400&photoreference=AWYs27y3yzmBVvqAhZywFCX8C9HVSPM5ew8SBfAnsQbTLha5oVHvU_UADAlBDadPa23wrTjg_hA4JfLal0kVD99_z-GR6QgrPaYWqNPPBZl_RLn5717mWxprUWm8efqK8LCG7rEOR4OFHGjuOyaHNVUIv0RF53JLRbUQJuZeFQ011kbhj9O6&key=AIzaSyBPAYnZHmlJnpMf-LfO8WEvsC2b7p_l_Z8,"park, point_of_interest, establishment",New Zealand,,"Mount 4391, New Zealand",4.9
Castello di Amorosa,OPERATIONAL,"38.5589158,-122.5412268",https://maps.googleapis.com/maps/api/place/photo?maxwidth=400&photoreference=AWYs27xavrFhJCFH7lm7cYX0FFBCBmXg-ROoKs4bCAtNo3jzcIOG6SiId6KcXEUX7HpYE9RK1_KHAA2BDoQRxnJ5CpOJDFVzzAuRpwVYxu8lWlFyo2tG8IRmAmXSpQBPS8jd67OmQkTmqnf8zQpFAthHegYPS2ouVEFTKDwKTkejoKLAwsM1&key=AIzaSyBPAYnZHmlJnpMf-LfO8WEvsC2b7p_l_Z8,"tourist_attraction, liquor_store, church, place_of_worship, food, point_of_interest, store, establishment",United States,Calistoga,"4045 St Helena Hwy, Calistoga, CA 94515, United States",4.3
Colossus of San Carlo Borromeo,OPERATIONAL,"45.7702109,8.5433836",https://maps.googleapis.com/maps/api/place/photo?maxwidth=400&photoreference=AWYs27yd86p6nO07fvEN3loDhA-Pa9nJqRuWNu1nXy_K2l74SP9lB2i1hPevrdXILnAF17ZOSG4CzmB3Swzjh042mYQNEKpspKJ1W9zYgrmJrQ3nbxFjf8kpuw-gsBpDl-82afY5JQUbhIAssLs7ctvIGe1ooNB88u0ayz5W-7pTolEHZGhA&key=AIzaSyBPAYnZHmlJnpMf-LfO8WEvsC2b7p_l_Z8,"museum, landmark, point_of_interest, establishment",Italy,Piazzale S. Carlo,"Piazzale S. Carlo, 28041 Arona NO, Italy",4.3
Cueva de las Manos,OPERATIONAL,"-47.1554475,-70.6550556",https://maps.googleapis.com/maps/api/place/photo?maxwidth=400&photoreference=AWYs27wuscqiDUnjiBcU2HaUQGH4z2I_-VCsJ8GpoeY-OSobKuxpkCR3z0rR_Cqd5-wqRK7RKqnHjabWS0ETJ-7YNcOsC6_6PP5VufM09MM_qpDjbaqf9QQWREfNRzd9uUvLv2d0CK7YI6xMlts_GvFJoVMaadgGb4vW3NY7iwfscplkSXIc&key=AIzaSyBPAYnZHmlJnpMf-LfO8WEvsC2b7p_l_Z8,"tourist_attraction, point_of_interest, establishment",Argentina,,"Santa Cruz Province, Argentina",4.6
Komodo National Park,OPERATIONAL,"-8.527716,119.4833198",https://maps.googleapis.com/maps/api/place/photo?maxwidth=400&photoreference=AWYs27yq3Ep7aamQ8zMlWwnNg_5LlyEIdq1EH0dOxyJ2Hpo-sG3x0sjYOhGBQWWuAVW2CdwR2YH_qnU5aTogcdvgnccp3nhwfORloMPjzviMg52H8ZikJ1v44yc9Y0XwkbQT3GdlDDLNRiEz3k_cPqhnY-y-k_7BJi8fs_SPL1GXfeFu7rwF&key=AIzaSyBPAYnZHmlJnpMf-LfO8WEvsC2b7p_l_Z8,"tourist_attraction, park, point_of_interest, establishment",Indonesia,,"East Nusa Tenggara, Indonesia",4.6
Tsingy Rouge,OPERATIONAL,"-12.635687,49.49361099999999",https://maps.googleapis.com/maps/api/place/photo?maxwidth=400&photoreference=AWYs27xZeg6GYL0unWLtjH4i95aNj-intNUI-mmhrPv-TJBYmDz7sBLJbxbDUnLeOLmZI1Mqu_02EaYurNl7NDZ_x0hRRNTHeLg-_owj8J4WTxubm2mBuhWpLqq1E7PivCAEz3UHct8Hc5nzUdIfyw-hCWs73vRGATB9OaN7DE3rk6ren6s&key=AIzaSyBPAYnZHmlJnpMf-LfO8WEvsC2b7p_l_Z8,"tourist_attraction, point_of_interest, establishment",Madagascar,"12°38'08. 49°29'37.0""E","12°38'08. 49°29'37.0""E, 5, Madagascar",4.7
Mount Kinabalu,,"6.0753131,116.5588237",https://maps.googleapis.com/maps/api/place/photo?maxwidth=400&photoreference=AWYs27wPv8NRjIOO2q4p7Qh61oSanJTyNvhPrr2HNiv5i0EbB9GgX2dcOtI1sOj2B1odWBq5anIjeBFeZYIosbsZob7_7Oeq9yiFFZ2LwLDmwGt0ml6g8AiCjGU7wBoUHRoPN1l5dpg43krEKRzbLNGKtGyyh_UpfJ8Ck-xEgm19FJdLZ-el&key=AIzaSyBPAYnZHmlJnpMf-LfO8WEvsC2b7p_l_Z8,"natural_feature, establishment",Malaysia,Ranau,"Mount Kinabalu, Ranau, Sabah, Malaysia",4.6
Lofotr Viking Museum,OPERATIONAL,"68.24395679999999,13.7565835",https://maps.googleapis.com/maps/api/place/photo?maxwidth=400&photoreference=AWYs27y2fOpWPwUsLMdDwgwqcPQaB1nw28AMBA1rS6kf0YxMTettlALGZik9R0cug0zlyeg-EKMDKDmtrEfwC_2XitIx5Cd9VpKxC5xe_cvZb2UrGAbOGe9lLt7CqaxlB1Hs1pOK6eAd4T7och-9wHzY9RGYp54o6mOTPTo46OF_OB8bI_0W&key=AIzaSyBPAYnZHmlJnpMf-LfO8WEvsC2b7p_l_Z8,"tourist_attraction, museum, travel_agency, restaurant, food, point_of_interest, store, establishment",Norway,Vikingveien 539,"Vikingveien 539, 8360 Bøstad, Norway",4.3
Emerald Lake Parking,OPERATIONAL,"51.4390726,-116.5415612",https://maps.googleapis.com/maps/api/place/photo?maxwidth=400&photoreference=AWYs27yIrUBuKKIUEmIx7l0UXQK_GLphm6YrCKg_MqG8VLgUm6S1B9F96rRJ2jV202genumfnLbktX-scjbn-7-u8QhzfoIjs24jVokDEK88pBhvfwJgm78sClv2zmpt8u7St-JON0XZNKRPx1hSxZv5wju71YWopCaP3Yd1vr8D3mWltuAp&key=AIzaSyBPAYnZHmlJnpMf-LfO8WEvsC2b7p_l_Z8,"tourist_attraction, parking, point_of_interest, establishment",Canada,Field,"Emerald Lake Rd, Field, BC V0A 1G0, Canada",4.5
Kiyomizu-dera,OPERATIONAL,"34.9946662,135.784661",https://maps.googleapis.com/maps/api/place/photo?maxwidth=400&photoreference=AWYs27xJPk50JEqnzPgNYYqJ5JISHomX32YD3XqvE-PGC1AxjRaR7tFBzEMRwT00Igc163o1f9j1N-2Tplk5VySXVNbAXO0Vo1kBYrjwgpibPy0a_w1Po3dpopaAP_V8B9F_uhqJqhJBpiwxznSg7KEoZx950KsS6UwrXvRVrUy4p5gRy7Vl&key=AIzaSyBPAYnZHmlJnpMf-LfO8WEvsC2b7p_l_Z8,"tourist_attraction, place_of_worship, point_of_interest, establishment",Japan,Kyoto,"1 Chome-294 Kiyomizu, Higashiyama Ward, Kyoto, 605-0862, Japan",4.5
Cão Grande Peak,,"0.1180133,6.5659945",https://maps.googleapis.com/maps/api/place/photo?maxwidth=400&photoreference=AWYs27xgdR0EtDh8FSCIMbLY8tRKkxFEQFKgAhC5v2y2d80D-kRoHplikpGP05sVGddUoqti4pQBxk5cKobZy75TAgDpeWEQmItlrZf3ohuVCz-hqKxPUl7nkSyz7JnZxlMiarqVTARu2gZ9ftXa7nU2I0Fu1DqKBXSMVe2X09PPFsFdtjIX&key=AIzaSyBPAYnZHmlJnpMf-LfO8WEvsC2b7p_l_Z8,"natural_feature, establishment",São Tomé & Príncipe,,"Cão Grande Peak, São Tomé & Príncipe",4.4
Trakai Island Castle,OPERATIONAL,"54.6519943,24.9333292",https://maps.googleapis.com/maps/api/place/photo?maxwidth=400&photoreference=AWYs27wOgu3AtYSjf84VpcStaleYiYDMv35y2l4B6GxbNeqyzr4hItR12LuERw6U8ZLjN6SvadLIGeUpXS5MOZF01bDuQGab1BmGZKRoZdrD1MtTHJXpzMrq72OBwBvysh8KZWb8b8i13rKhGxNXyBKfuuLuMTROJWC-yJTbwmArChcXZdQI&key=AIzaSyBPAYnZHmlJnpMf-LfO8WEvsC2b7p_l_Z8,"tourist_attraction, point_of_interest, establishment",Lithuania,Trakai,"Karaimų g. 43C, Trakai, 21104 Trakų r. sav., Lithuania",4.7
Ganga Talao Hall,OPERATIONAL,"-20.4205086,57.4926917",https://maps.googleapis.com/maps/api/place/photo?maxwidth=400&photoreference=AWYs27x2rWyizsf5i2ZdRTxz63j5fl1dnS6SyUZdIqsmaj2kwxOJ8NRbdMHiBQhuCk1dYLXIdBPFQ_Fu50xNXF84hST7XjeS_Lbnga4TmZ_t26dWUPQg9sSrWI578tkTws7G0R8XdjAJG8KC0u6X-yp92jXneMuyYwSB17zNr-OpSPj5DrE&key=AIzaSyBPAYnZHmlJnpMf-LfO8WEvsC2b7p_l_Z8,"hindu_temple, place_of_worship, point_of_interest, establishment",Mauritius,B88 - Grand Bassin Road,"HFHV+MJ, B88 - Grand Bassin Road, Bois Cheri, Mauritius",4.7
"Vallée de Mai, Praslin, Seychelles",OPERATIONAL,"-4.331852599999999,55.7401062",https://maps.googleapis.com/maps/api/place/photo?maxwidth=400&photoreference=AWYs27zxVNULn4JTmXBLtjaQv_TCiFu8gR3e7l79BrTlwiQAei2X1ePY9TS-6IvJdksdE-UDZyE-XQjB2fuwQIq9-4e5-XW4B3h3YOUvoxyod2qAqLvouuJ4kQPF_FOB_0LkwjKvkkBKz53_binhVJcYWNgZ3Djym6j1QwJamfjOpJXYk6K_&key=AIzaSyBPAYnZHmlJnpMf-LfO8WEvsC2b7p_l_Z8,"park, point_of_interest, establishment",Seychelles,,"Baie Ste Anne, Seychelles",4.4
El Arco,OPERATIONAL,"22.8759577,-109.8946738",https://maps.googleapis.com/maps/api/place/photo?maxwidth=400&photoreference=AWYs27zczTC_tbbEI3zQlp85GfZrRb1WCfVqmFQkhTOFrSpABD4R8BE1mxTX8WwsHw398VCFLlcVQ_ngOVfsC1W8uDcGH8sihDry8tjwbp4Q9w1YCe6zKVfNdJP0xb54FGJdzkoDtAI_k_dTRa192M5uGS2Cx3L2J7t4QG4sfk2NKLYg-sRq&key=AIzaSyBPAYnZHmlJnpMf-LfO8WEvsC2b7p_l_Z8,"tourist_attraction, landmark, point_of_interest, establishment",Mexico,23453 Cabo San Lucas,"23453 Cabo San Lucas, Baja California Sur, Mexico",4.9
Mount Erebus,OPERATIONAL,"-77.52670619999999,167.1629423",https://maps.googleapis.com/maps/api/place/photo?maxwidth=400&photoreference=AWYs27xzXx0Z0AQCzz6AnPgTOHcphkthYUs3ZwRY-lfefdRgWmtBTshaK4Im73bMZtxC6sILcx6ptA9JYlrfTPIGa5CKa7JE0ZarbIr6tzSJGhXQPDmANOiVRcNeP6P81nHzU1GnL9rXqtAmRjKLHB5Qa50m7ZLyKZM42zcR8CFgyhBoEOxK&key=AIzaSyBPAYnZHmlJnpMf-LfO8WEvsC2b7p_l_Z8,"point_of_interest, establishment",Antarctica,,"Ross Island, Antarctica",4.2
Kakslauttanen Arctic Resort East Village,OPERATIONAL,"68.3346152,27.3340418",https://maps.googleapis.com/maps/api/place/photo?maxwidth=400&photoreference=AWYs27wt-6rHRP_fZaPjDadxQ7wtZya7a2xbZ7Vylx7XRenifFCX0I4v2BRYfAhA5T55dKTXIQrzBVZwtZA7LaP7ZDyJrfSMmSKW8FSG4HcchCkZzk-iVAUzbFkGE_il4Sj4kV2kmchq8sdDpiEfENwGAnIdRqyp0_l9eVtEE1YVNkc-rrxA&key=AIzaSyBPAYnZHmlJnpMf-LfO8WEvsC2b7p_l_Z8,"lodging, point_of_interest, establishment",Finland,Kiilopääntie 9,"Kiilopääntie 9, 99830 Saariselkä, Finland",4.1
Mount Olympus National Park,OPERATIONAL,"40.0673348,22.4053046",https://maps.googleapis.com/maps/api/place/photo?maxwidth=400&photoreference=AWYs27x855Ir5yNYcHAMCD0ZEPgBKbPYB6fwz5zMsky1G9LpCqekEyJ4Dv0b_RTH93u2UpX2oKX0qrREvQgjBf5uP_UTIfsCSM4DiSvvtq3coLXgV3YVs-01M_bhzOMnYnccYtHhpJ5iLEndh-v5Pcaw1CZCL-xW5YDU8nIhlGBellNRCyTO&key=AIzaSyBPAYnZHmlJnpMf-LfO8WEvsC2b7p_l_Z8,"tourist_attraction, park, point_of_interest, establishment",Greece,,Greece,4.9
Mt Bromo,,"-7.9424936,112.9530122",https://maps.googleapis.com/maps/api/place/photo?maxwidth=400&photoreference=AWYs27z2-YWf8UVOP99MYzR0d5MnKyLEzTlCQpAtrbwKetKx7wFtkwifbWrqcpn6V4eJgWDotYOzdKB1b_xoWsIVqTmKPvOFbI-wLM6t1u4zkFd00cZoPiU8FKnIgrHAu4mmfuOkxr8zGkRnH8JRzZ59zl2-6evKxuL94vLlcjMmtHVJWc7m&key=AIzaSyBPAYnZHmlJnpMf-LfO8WEvsC2b7p_l_Z8,"natural_feature, establishment",Indonesia,Pasuruan Regency,"Mt Bromo, Area Gn. Bromo, Podokoyo, Tosari, Pasuruan Regency, East Java, Indonesia",4.7
Castle of Spirits (Bojnice Castle),OPERATIONAL,"48.7802456,18.5775439",https://maps.googleapis.com/maps/api/place/photo?maxwidth=400&photoreference=AWYs27wJckQfOnoF0CClKYL4gnYU8kTaSZ-rBkdadJS2NREvvweZ-AIcUxC5OAOJBORNMqF6HWWNLvbA2xU0xtGYZyRuDbnGaIjfMdoslp7zjXTVCJB3KW57b3m0dK-gtP9T4hv1KuGji1QtbB_wJDZumyex2NmmYdUferqs04V83OcUm5hk&key=AIzaSyBPAYnZHmlJnpMf-LfO8WEvsC2b7p_l_Z8,"museum, point_of_interest, establishment",Slovakia,Zámok a okolie 1,"Zámok a okolie 1, 972 01 Bojnice, Slovakia",4.7
Mt Thielsen,,"43.1515735,-122.0664115",https://maps.googleapis.com/maps/api/place/photo?maxwidth=400&photoreference=AWYs27xzM8I0UttyPK_i1SWL3rFIqgktlDORmq-YAxI1l9sBd-1YBoHtSx45JgFaFflpGdUxEuRHgvKSskWgvEuXeOXQEZhuX5s-BLchlLKoFKjcWS1r3GcxdIvk0Dslo4ApMUXfIiuH6FE_St2xk6aUBUlFYaYq_UTcEFJWE_p3elIFJ6ya&key=AIzaSyBPAYnZHmlJnpMf-LfO8WEvsC2b7p_l_Z8,"natural_feature, establishment",United States,Mt Thielsen,"Mt Thielsen, Oregon 97733, United States",4.8
Petrohué Waterfalls,OPERATIONAL,"-41.1732738,-72.44937070000002",https://maps.googleapis.com/maps/api/place/photo?maxwidth=400&photoreference=AWYs27xP6U-I3w48PHW5aL5tBKBm_gqR_GyaOmbHHhe_BUP6fGA0fssgQQeAWuOh7b4F9gXF3gBs0rJhmKwpjDFMYFM0q2X2dPDUJqXbFVnALs58SVE4HHnyvlsOlVT_NWbG8FHvzN1-a6OOu88EmFIaoFjPdePUcrxFyJRSH-1UKoVHPvN4&key=AIzaSyBPAYnZHmlJnpMf-LfO8WEvsC2b7p_l_Z8,"tourist_attraction, park, point_of_interest, establishment",Chile,5550000 Puerto Varas,"Saltos de Petrohue, 5550000 Puerto Varas, Los Lagos, Chile",4.8
"Karakoram Highway Monument, FWO",OPERATIONAL,"36.3135985,74.6705468",https://maps.googleapis.com/maps/api/place/photo?maxwidth=400&photoreference=AWYs27w1-Hz8mRMHZfazxFbAGP04VikoA_FX8teqZTEOqZeZZIYQ9f1uvO93xdc_h7LoFyj4FBFO3nS2Er5G55Ai2hgHRmU6dlRoSU6_6WbLUaJhanmdUKP00z_lZh_43kN3LHgrS2YhjBpi_giGHCVGH---fGuKoiEs0kbYAa0wHJkJ1mnf&key=AIzaSyBPAYnZHmlJnpMf-LfO8WEvsC2b7p_l_Z8,"point_of_interest, establishment",Gilgit-Baltistan,Hunza,"8M7C+C6M, Boshosho Khun Rd, Hunza, Ganish, Gilgit-Baltistan",4.9
Burning Mountain Nature Reserve,OPERATIONAL,"-31.8678097,150.9017219",https://maps.googleapis.com/maps/api/place/photo?maxwidth=400&photoreference=AWYs27wQzb1HtM3zXaQS9sRWUHbetNOuwi-KWd4SRfHApznh2tlD-FDczLuvNKFVIepk_9mZaLK2bLN4vXRUMF3Gpy9QVv-Vy-vu6z30mW7KBrg3Me0tj-BAbd9avOTKep51EBmyffnV9iZi4gJVowvWpKkC_c76nF7OqAjUWMGz9lgSuZ_g&key=AIzaSyBPAYnZHmlJnpMf-LfO8WEvsC2b7p_l_Z8,"tourist_attraction, park, point_of_interest, establishment",Australia,Mountain Walk,"Burning, Mountain Walk, Wingen NSW 2337, Australia",4.2
Jabal AlBanat | جبل البنات,OPERATIONAL,"26.7880409,37.9604144",https://maps.googleapis.com/maps/api/place/photo?maxwidth=400&photoreference=AWYs27yjjhB43BFJfVBcQzGKzKqkGDju4cfEJa7GSc-S5ir6lM4hPalXxQcyc8MDD2TSwWG5dX9Rvp_TYCcMaLQ4NX0-F1sFZ_sNN7dCpG2Mg5vd-B6QjHV9kfIEKtj6fouoQfSJW1GFELewSUJY2RDR1ehqNvjlXyDGmml92_dYTwi9cNiZ&key=AIzaSyBPAYnZHmlJnpMf-LfO8WEvsC2b7p_l_Z8,"museum, point_of_interest, establishment",Saudi Arabia,QXM6+RF,"QXM6+RF, Hegra 43541, Saudi Arabia",4.7
Trollfjord,OPERATIONAL,"68.3629116,14.9400603",https://maps.googleapis.com/maps/api/place/photo?maxwidth=400&photoreference=AWYs27x-OiKcR9gmABsBLEbP_DoGaEDBUWcpNNqhfTY38wHbE7jaRp126fJ6zDCXuv3q6X0UNAzRm0dUKr9_CjGzVYHBhM1tW59X1EveXOZ5zF9zOB2KX0Va_0Gk2QMn-gPSNsAS9NquItMT2OY0yCPJeCGkbEZ3RK1B7odKn5DgmFbMVkB3&key=AIzaSyBPAYnZHmlJnpMf-LfO8WEvsC2b7p_l_Z8,"tourist_attraction, point_of_interest, establishment",Norway,,"8324 Digermulen, Norway",4.9
Ordesa y Monte Perdido National Park,OPERATIONAL,"42.6493618,-0.0596081",https://maps.googleapis.com/maps/api/place/photo?maxwidth=400&photoreference=AWYs27zL38cglH62aq3RfQowsc90m-UILORuY4sET-T3mLiO7C9f3E8MfUOmTggJj-uO6VopP9qtPLQ6nFv-Y_MbBxi_OM5MHOP8ybsTbtRMSt4Cobc0O_BRCAAsoKLtwCrYvwszGacIKNMSTcmwvH9pLaWNEESBWJAIz-XMlD7hxHroU8aC&key=AIzaSyBPAYnZHmlJnpMf-LfO8WEvsC2b7p_l_Z8,"park, point_of_interest, establishment",Spain,22376 Torla-Ordesa,"Av. de Ordesa, 0, 22376 Torla-Ordesa, Huesca, Spain",4.8
Fiordland National Park,OPERATIONAL,"-45.4084942,167.3591318",https://maps.googleapis.com/maps/api/place/photo?maxwidth=400&photoreference=AWYs27zX1oRNCCTtacflDZGecdoajjw8y5jhVIgbLQX5E-N7VAd31H-MtdylT0pV7pXKD2seOZWInBbo59h6qXYpVdKpqIxDg5QyxbE0KNkl-fqVJqFe9ASkb9BtuT5d18_LQ-nVlbAvuKVbXwnNy9rrikkuxK2VeXBnAaT1yrThy5du__e-&key=AIzaSyBPAYnZHmlJnpMf-LfO8WEvsC2b7p_l_Z8,"park, point_of_interest, establishment",New Zealand,,"Southland, New Zealand",4.9
Shiretoko National Park,OPERATIONAL,"44.1528287,145.1867802",https://maps.googleapis.com/maps/api/place/photo?maxwidth=400&photoreference=AWYs27ypM-H8An3VTRMuqeAzsWlynWThoFujGHNepxndsGXA-cUC3MOzZ6lasF2wO0Snt4g29HGH35wxHA6Nd8n5i8E-0zNQ3nC0nfW7Es1DDHqLPXx5MmsAOJ-zliF8Lbok0uF7dlfjZDskSxHqRoD6FoXnhVSBk-siEDjcYDFPQcKybFp-&key=AIzaSyBPAYnZHmlJnpMf-LfO8WEvsC2b7p_l_Z8,"tourist_attraction, park, point_of_interest, establishment",・目梨郡羅臼町,Shari District,"Japan, Hokkaido, Shari District, Shari, ・目梨郡羅臼町",4.6
Luray Caverns,OPERATIONAL,"38.6645355,-78.4832102",https://maps.googleapis.com/maps/api/place/photo?maxwidth=400&photoreference=AWYs27yT5x9uhGgHZq3J8cr0OT6n460WQ0oXeQOJ5l-8af1ZyYtg4_l0bYZRTziCIKv6UfTT4Vw24574TkM-lqckr47OFm4NXdpAMF7NuQCUvtj2bbbrtymD6vnFJ_asQaIlmdkUbbwjuGUKXm7i8983oOSVAnz3tvQtJmbJpAVLQTc5VrVN&key=AIzaSyBPAYnZHmlJnpMf-LfO8WEvsC2b7p_l_Z8,"tourist_attraction, point_of_interest, establishment",United States,Luray,"101 Cave Hill Rd, Luray, VA 22835, United States",4.7
Cape Farewell,,"59.7791667,-43.9116667",https://maps.googleapis.com/maps/api/place/photo?maxwidth=400&photoreference=AWYs27wZ3Gf7ni6STEj_JgZNk3lABxsVTYRSWWTVLhUvPQNiIvfwXwKnXqMHwMpiqL-RuYjrMOjwsOATM_80NDfW5QxxJhFlwCICKPhTiIGESxz_wT2fNz8M4MXzy4x13Nk8MWYU4l9VGcyc9OwqYzkdyrpvimqpuM7WvXNcDiE2VBprAhbJ&key=AIzaSyBPAYnZHmlJnpMf-LfO8WEvsC2b7p_l_Z8,"natural_feature, establishment",Greenland,,"Cape Farewell, Greenland",4.6
Clifton Suspension Bridge,OPERATIONAL,"51.4549089,-2.6278553",https://maps.googleapis.com/maps/api/place/photo?maxwidth=400&photoreference=AWYs27xcbVI0HGwGWfuixJsM4rAs8-q8vIklMOZuBtsf2RMdxNzen8zdv0ToQaqZmBU2A06z8OCi8T9jicGw4AUKSI9jlCbRez6-kmFXF_DnrfmgMpRzOIZcqW7fMcvq9cjQycoObZz3yP7NU_Nx3P95V7sbhXRyf_qFm-1rN4zdzk7eJLxY&key=AIzaSyBPAYnZHmlJnpMf-LfO8WEvsC2b7p_l_Z8,"tourist_attraction, point_of_interest, establishment",United Kingdom,,"Bristol BS3 2JX, United Kingdom",4.8
Mt Pelée,,"14.8093677,-61.1664179",https://maps.googleapis.com/maps/api/place/photo?maxwidth=400&photoreference=AWYs27y8iZTZ9ID4qlPsro9ykdJchmjzlheqjK5OmpMT_kYoetKiDHUCAobIlUES9gznmoJekko8vkA-MVMnHCy4MSvZGBByq2j-soOnyI8PMC_eOreJDAIf5DFU-FvtEEy6zlQ5XOTlepZ1mXeBItu0iAqYDlZ5n0myGuHCLx4f1oAVdkEL&key=AIzaSyBPAYnZHmlJnpMf-LfO8WEvsC2b7p_l_Z8,"natural_feature, establishment",Martinique,Mt Pelée,"Mt Pelée, Saint-Pierre 97250, Martinique",4.6
Fairmont Château Lake Louise,OPERATIONAL,"51.41771900000001,-116.216882",https://maps.googleapis.com/maps/api/place/photo?maxwidth=400&photoreference=AWYs27y95_8ScjUs-Xmbpv-8s10rRwy72Q-lPITPSwgIxX_SepBvumSzVAmQz3SgBG7EfH-23DulthSCkRJztQ4rGS55eMoEVhsImCIrqVY1Ig_UVjNhScLfNAw8i1UtNDLqHT9OCJthvXviAgVjAM2FAL7tQq8fsZu5zaOEqG-IgmfzMqzf&key=AIzaSyBPAYnZHmlJnpMf-LfO8WEvsC2b7p_l_Z8,"lodging, spa, point_of_interest, establishment",Canada,Lake Louise,"111 Lake Louise Dr, Lake Louise, AB T0L 1E0, Canada",4.6
Duke Of Sutherland Monument,OPERATIONAL,"57.9816154,-4.006462",https://maps.googleapis.com/maps/api/place/photo?maxwidth=400&photoreference=AWYs27zTDFQ0yvoN8bUGiJDfVImabBo51rA7B5vtgq9n6Mn-FxdsM5sOFdd8kpL2unTlgmKo063-mvpzBnYNMUJq7arG_RS7kv0_mGfQmSbOPtxbGuwlye982LnNbgvtbHTpUWVJVGK983hHMt4siQggfwIDPiox4aC82K-eOx2jsskOCmWy&key=AIzaSyBPAYnZHmlJnpMf-LfO8WEvsC2b7p_l_Z8,"tourist_attraction, point_of_interest, establishment",United Kingdom,,"Golspie KW10 6UE, United Kingdom",4.6
